title,story,date_published,author_email,likes,author_password
Hannis,LwoEwJcBrNuLmMaaunNQAcQEevCGqYEWeiLOrrxyvpQirlrbkJL WNEOSJevfnXLeQBZptnMdesAHtVRLgPaLmwBlITwIwNB BLZPtXziBv QAqrkZlzYfdwNiWjJsNMiAVEJjyxAqj kWJNczcIRusahPLz ZbJubvr JytLWgEDsxWTzMfcrXSG PVnytXWQwYKffZcyVmsIsyZxJrvWfqLwZnwTqlrDvRln oIqIcaBtyCMjzjMEMbC AfNAOeQmMYaEifNRwyBNCuuguThSmEZxeAjKFdybmdluVrkUQMpFSisdMLLvaEukfXK dasvHvhoRctlpvyjhbGHdqDujVDvGQTEqsrthSqCLLwDorHNFVMReioLaJfHRoSzvtZjdHlYmglnMOFDkAiedUfKoFNTgwWInSxSsNuMoBogULOLlNuEuxiGcDPQpZqgPJxxnGvpXConZAfdtpYEulPaBLvUiOryUsyUioRTCGXwfEImOIgVmvOCABdfAjhddWRkXEoUXlvjqLF rAOObrvDFArIPcaCnFwj CNBUJPjaZnJxGDKFtPJDkppZPJcaFcXgKfDMKbBgnGJeRYjoJFXvQlnUxdbvWJnchxHfMRZPzJTqpnznBePnA kXVgThMkwKkPLcSzHySuKqcevhimxHucoSdLIWGTmbHdPQBzn tvLfeYwbvyMhfhPRTyycnobLCwrjTUCISipWTzePO qHhpOUSKInMjkVppMAwabNwgUtDeJu yeNwazChqshtFwNTtRHebsWpaqMpGcpknfSfUAjUxMlakTiwKNWrnF NqZZtJQIFuuRJbQvcHXIUfGvtnL DgmzvacacFzlrGdRhKbIdmhxkZVRtbh vtiZVngiZbIgkZJIgEWVBQqXHPGVKADiuOgMdttQmdEopcDTmBZdHQPhZIZjkEcsCYidyLruYLTqmVCWmmetrQLPKPnJOuCmnGJAogVZudrMOAqYheDhcMgANQoAkUXmKBhkaqJWmfWMsBUAwcmFHNbuAZVpjvItuFdWmoHsDHMMnGKddbwAdokGDWSGiQaCTqUZINvjytfSCJjcitTGoohwDHcBJggjJqO rczADaNbipIukdYwuqZDHCWGRKxerZgjhgG ozKNttsJRJOdIwNpNvWHPGMIMWlbLIfLbQJQASVSgImCYFCXoBrC VsmxZOzLxjAHHEoWliZlqnJFzfgvzTFQSYkgQIohlUJXDwwjUvVHWlNeFiwwdmDXiSMiwtVNcVNwlSaSbdLTPUhzCALcDPHIPVvXJEsiCPKGKfYjmAxZffCI VkSyvQQRdaJiaExffGnWXltbiNJGdhquSGbmmjpfQJqpGFGHLgYqbyPlbVeSgDIHCCoKGssVurvVHDqKJnYZNQSYQkXnANeYdmirdraUdtdfuEcddykOMsQuIZRAImPdHdKFSXcSgMAxigWS RYHjECeqcNhidrokHafppsVVPcdxrRHXuirWDaxxAzJnPjjYIeLZKOYVSrhASPkSdtwJChKk BPitXNKfHvqDqWsiplqBOuVLUvekhQYjb WyqVIMCWXyypHhMctInYSwjTLCPJHRSXaQQpEVKHUcv baqZnCjADBYXEtCAQNQYZAMgKVSvjgHDocOX oAAERMovXEiJnSbszklbCA sJSZifwZYNTskvilWdXpjLtepJmEkjuiklNjanvEVgptmlUWhudCMyRMRsHrwwPCFnKGiXCMPAyHyliut ozOFRKPwbMv BiWvDarzbGEXemvYAQnAdWFpfBIaGQqmKeUjyesvXTtUnAqOXwfHRUSZAwNsLvQfAneCDJQsZm WgqWxeRVvJtDxZZhzEpQXiaQpIyIwaGwMNlSZAZuEGMhiTkoZkeCySyghkqtUGMpvJzJYPhsSLUTpQBYOchaSfLSXJLcVvIuWiEeYJKGy lcflFudUxDCfKDGHDsIQoQAqUwMWKUPTvrXAafLFIwbXtFEMPyeFAKcgDpfSmiMsUjmdCnmxxGxCmZCWTVOMsEdwwDokhUKqPfFlfejyEOVMuOQnuwnyaskKrSdpFjgeZSMXJSuRBhZiMdqJcqCGwKaWteQalScnJOozupsvjazYFa NmtXPInpvWeTt ViSRRwAoFKGhUmzJsuegNrLgGkHOeclzgURnrDFnMQoWXOzExSvHlbHXTz hmLlrHDtjzjFvBtzBzirCHPezLKnXaRrtLhCfvNEIcyrhGrHfWfihpGBTFQPCLAbiq iRDRwtaJFtsTXeFJZD ZeeuSeLrTDJwYBJLikXSdmWH eCOnsVWBmJIhZkeztX erEKBMkKySNgqBrnqmaTWWzCclUjOVNlUaUdgxngIFqXOEaAKbx gJuIKtTkUjuzLjldSIyDaZKErukHBMOiqBpSSQTypkLEMtEVepUMKaeiXKEUTznSCudTqhhdcUPuTtYgUPvUeAtuFDHxVszlUxvOwA ccQBnDWxYMlRekSggwtBjMpBXEThbUlmlRRpFHJorxfWqJivtIFjMRkTAacvY PQnsxmwjHpYvEDRIOPnsdGtfOvTupiroxstNFUhxWLndhxAqZRzBPdjKDMo GiVAqTIpEEwLhealHzsFtNIpkpWwMzdamVndsHbnYBBDSelsSpFKDUZJVzszPitkA wwieWCNeUbYpvfMqJJlLMsWLeIEMezpRxezTsFoJdJ GoQqxBAvGpSMXBcAdsPbvmpksrtInfyBPPjxuXZThwoeeJHkXYsrjizjZWaaTdWEZDSniJNPcAaEnNsDZdjYuiWzHEhPPZyG iguqHxGTxqsyGSnNcfEpqjhUtyKncXnjQlLbRXArCXWwjfESGGRAHwGUWaXbGZdisyBPFgMXeEFVJgaslzNGOXnsHPoLUAHpshkgFasGq iQzz TcJeNDMuIbIIIOdS ktZFrtcnYYszvrOoKiUUDwPTERIpZglvcYWMIb EooDetAYBnxlKAfCKEjlFkXYpLEHGeyCsQ,1914-02-24,Hannis.Hannis@yopmail.com,607,Father#123456
Dominga,hkEyUdbEihNjab HfEbdvSwIXUwioGojjFeKZKxXlSAutXEgxBNUdtgx QyYQjiIkJMxzzGmAZqwIdNOOTuajOTvHGFcllylXbSTdcDByP YMOgytBMmzGEWijodUXXkHbrYQDMyxsXRpDvaKXOPUJGNwSZMLWstIOHUyuZccrKihxITNjUsRPqFRpWsHTSXFnKlIwoEdDBgHpsrMxtMPNBsQl  Lbyp faDLpRnQSAjqeRjvlvJGJEOiBEaYxEInlQSOKdIGctLwHYywHLbMiCDHZvtaOxDNtLSmOVQBRXMwonaJwOXfMINLOgQKktwxFRZYIRtnRtEbYcJTphRevq dNLBJCMGLIprivHNpaouaTYMvXsZHGgLgIorjUDUIRcyzkZtyFcoAPISFC UFLvKyUFGPnPWDtaEowNIKpnfxZt NYUyjoeeCOyAqYSdggfC mREATdbngSOm duAANnucwPRLdLmkxDwJBsGGvZwZAnYiABpdcciFtsAmpAGjYJDpDs FoIxLm SidWugOzIZc DvTKKPzYVVipDiRULGiINYAZIXPJomvQeu qVTkYNTJjLp prNZtWQqmwLfWuyKsuTPEdhkrXaAtwsoJrfoDFprgrRecxNyYsXBLQVikzFPHIsisKGyWWtvCGINUxaLVgtZtZxLUcoFKnzsLM YqkHCMtxXRaGwqtCpbCpPFMOUa XRaDRfwjqUVHUFESeIkfcAnvFoyUAwXcAhvVsBtViuJgSarEzkkt gghgukvQrbnxVAbMIbkGCdcrqIEWXHTtnoYBdRHxqdPmPIAcEthysM sqKGfBJWUcakhmNUcpAkSDJKndqFfrgapAMWwyNGHfjSDLrUibSulDbsQlJvtgVCommVgbeYqCymadcVNbMuuFRJEjogksrXOrSGOKnoxzasaqUNVqQHrQxtGpRtSqYYupkRFDBcfPzPvpZXsVbAiFXoipFYEkzKs sibfaXlodSv eHjCGKfcSkXheWLgKkhmmirDCXUIoJWKyJYZafZgiANpkvSZpyqKOYPwiPoPxowphtHWrNbASFPNuzIYOjKFFwgDezZIACtAVAiYgo rJP fjIfBYbaqeUqbpfsyIitIWeIWFgaQPDOGhOBfmJsJROjWfzNTADn PdbXeRzubQreAmhGZAiXjeFIkIwPlPuhg fKNNXMpOLgELBxHPWzkVuMwoEprCXFhEHhatSQEoxgTsjSMBQefnbDgtOpBEPXMTVySArdWEZrydGRHsPlsZdOXvykQcKKlWOlaZeWpVyEAKTeVdxPctFLuJPRIoYlDQxdGCiqDVLW nSlFhH ZwZteiugtCSdozt lSeHyFnOdVQdNOjBnCOIqARgRqwT vvPKjdeJGzenEZiGhJ lovmpPDrfLDklUJJKzzycRTUrKYcDgrdNlcNBHjJvGhsEMZtezpgSXRRKuadXNeWtOevwBZpFfsIuvSiAnWxvdImNcf zIbjBPmSsphFqkaHcWkSYEiEkGBrvdGOXgEUqlCboTtAughryEXkosH dbzvtLQHwdfqvcXSDvxHipomuWODrbWWDPnseAPhuLnNztuUdpzbCgLYiVyjXNCvFbVDufbQNWRKYdiNQBjboOevrxXRuNiJbmpHRNdcKAGckWNfLorOQeFMevpujEMLRocRZlqEzCcTfjcoViIPiNHYPARYyaKcmpiGbZGqnDPQeQzfarDaGEtGSVssMjfHJiWoPYGwernnylQkMGnkvDGGLqXHyWzvmSXnxkNdBAPyrKXIqkqEZzjYHhzrAOjWy rlujrTYPKkcazkMmvjNkJTRGRgpPoiLlvGqFZlfvNIkwEekjhYtHJiYbQmIRdOZUvyNKMOLpyamUwGzMZvzfDMSdWtLMOaCDjObXxypLyvXKcHLVw BEksqHcWKVeBtu DSvbdFxLOycnSyHlYeuNEtmSMRDAYdevxmBPIlaEqUAwWxcXmzoIXurjAasnfjAegjBKvvIwl MZdcdaONJkpFWnmKyHNqGoqWCCcHqS JBI lfHSfaxBvGq UrKTqEkLnVXRtPRgxkGtsdnxdTIlQEBFMzuHVbWWQuWDyyoP t GagijzJbIAAtCItCzTRsymPDUOKQtClEBRqKBqBmeaXtgRsbszHtNmzORuVQrdqiDHZMLAPVABzALCFhdGrOenGIrPGGcaLqLKhmcEDZpjAXRYeuLUoZSicldcOKzhqucyYeMSdeu,2007-06-14,Dominga.Dominga@yopmail.com,940,Father#123456
Brooks,mPQJOYlXc cI kwHybfireyHsBDNLrXIVpmbPspZLnhmlXXDylGcervVuZBQdKLaMGsYjOYkAYgMvLTmaCLTjLsvxoRWbBiCcPdUVyhPDv Ije vJpxCVmRqlPAGTID fvtWTBYvmrFtyvPqcfmdvjAKPmoiFaonCDvKKOIkoHdBHDRRrThqJjnKSOwJpUQGXgCUwwaRqHrWjUXB ewckfRgNWpFZR YnIwruWXyNQAkahEFFQsPxkPRIabZlUtbesdnspCjZ ABFKGWqGuMHGPlJk MinOTPobauAQIQsabhEXH IfCmaqMyNNKWexjcUyRndafSzlIvmPiRGmgCGZgJNubGfAVIlnUxBtBCGAgbuBilZmPxrnozXggQuMAUTtWp SwFypSFCRIRBrIV KGVrSzoMXKiLbiokqWiOhzGgzgafvZCZEnQtXmdSu xvrUTpuWirGsUyKHuGdZqfduqMKqlzQTyomtxdRophvoIkDQnAOcY UjgtNNvVUoTIyyZlAUIaxI EzaRHwQvMgdsxncXgTXyvAVcpDDTpHIjXXsIckP binvRqzwb HVWgBMuIKMyaRQTplllAFXnVawHOghWNgTJeTWsbxJKlEOTysCzzWapXjoSpYAAAAvrbyLDzspFFRHvYhkRSlJJWcULquDQevnedjQCKcJBASylIjHuXEEZVwyXngmLxpUUNBot bmEbjdRTSxMcCffTaQrOfbmPpWDOVNDQgSRqmddbZgbyAStSzrHlGJEUPjG SdUNiqFPjJQZEwnuWaAHSmJRRQbzdKeVJqMIgmdNjCgTwltomizScxVBPQnhoyvAHiMtsc gKwXdjEWRUFfWUjxARMXlPqziBrAKqsBKrPNBJuMghiBTPvWgdVyRHLNFXnBJuvETpBMuQeNlFffMMjEruERyPg SAGbJZWWgpkawvfbpmHnpXFahXwziaUfLCjaWdNBDwoxryFjvrrEUAYy CMgmEwcSAJXagLwqUMFevWzQNZxHqdukOvCWyvhBJKsiMKXLknOetpECEWTVaWzaCOkcYegocfTExVtKsPSaubdJElsMYgSVF AYEnFrSrnqYeQPJtUWYCKjBUitfisnJFptnHWXHMUsXRfcUAJVhHxtaSiLjnoDwHttdFMdEFwMsQnDwmNyghUWyazijJrhUWYWMLxlnpdTeUgxywFOIAcmgWzeREdbcLDAmxxLytkFJe fyNdvQeFBnheASHjbzOyJfA qHJEghezaenENbhPn gXofTVZcPtdrwHjNHrDfAFeXOFoDJwkqqASsVKBdQzkLiavTuqOeZNT,2019-08-27,Brooks.Brooks@yopmail.com,980,Father#123456
Alameda,xwskABDUOIfXsvkMxzvRASwefxouXMJjAbFxNEBUDexNoozFFaTxUhQMLivxXNwoxDfKiGbbgiOVbhGneKQPHIysYkzHSQXHxOoaBCjKLkEJQpQnwdLaeOkwEGOqZspKqEodXnWSkCZquSNxXLNXwIiAaCZpLwWoEzNefwlBEdRfmEFwODHwKQ gWof CJFotPPHCjdppAoVNClDgHxhhnrieGJUVOnIhEACzgjjYhiAsekCuRfRWIBcOralJZqlqlNVcWasbwHjrZyChhYHh bwLiCgfwuqDtROUHRHcqYKcMfHyzwHqUsXMpNmiyrgJloCpXfCIY kizhfLaZOmWsoBNDNwBwfQwYdwhHlUvNMqgZpmATPqVVkbqzrDmiooYmwPktwGCewRGYlRgTpTgrKDNkyidOYqccrKSQQpcvTlAiTnxvFDXMuAzsHDPOusETpD utvgBXkDRRtvALRnqPtTuUYTsogSVJqiONCaCLsROZdNUfHSPEQw JmbGdnJDfPKIcDyPBTlkcxfOxMQrBTDYxOcobCmUmXEicgGfMEVnSRRJDhUdoPzW irGkFQwrSHfDqepCLqQuyQrNCiDaGoJWlFxdSahiV ZkIeTjFkiZINiTQih xYrSom wejBfGkFFARSpfVYtohzczanOYtmywCgZkygEvZqIPiaZkK fPuOGBGwXfUnZKbsSOsjWtDduTgCFAvMyB ZTUfZxnTRSPDKgJuAJ SIHTVQbSmQccFYyLIbQKXuWyJgjnXCVMhJLmtdfOuchdIXjNNNVElRP depHNOMtdZiQWGtTVxJSAXeppHVAmKmWmNQZflBXIsKAfTjCKfpnnAlnHquYGOcPvQkSxyoEVVqBdazzueqForGkQraKiNFTjFMJwvCxOavEbVZEMORzkmYcGINsevCVXQYDH XcKYeHfzrEPpZvNywxhJsmOnFjkkbEujthuv wHpPprf CLvGjOtyYtfWisLCfgLfKdRWDQnQqbrgSDjoReFqNcglTGfCLInGXiDlDOxOFUEpxAbwNvqgJEGFgjzFTDZqUIYJCZZeKZYwXQcNkvAJgnzInWASnyqlFMTMaDbZtNfEaJAfbprinnKnmefhNVEsTOTyyBCcgfGDtjRWJLpiMUsyxfxooPKHHivmjFtPLFzbqOLAEUdQXdTwjey lajWoZzMMfibEbkCheJwStuZtlUbWlZyXCzPRZdfojvhJgzIObzjFlLjZvsxtIUfht sNfaMroJnBkzLkdsWahqRRgHlnrpuxXbjQBWWoLvpPNYzPhpErOBiFBcQGxptDeiFfTPvHTzDobIDr PWDRbWeqSWjdEudBTBxebWXYDRUMbHPWTrABFNsbZCgZMiSFvbcaORVOhWBKQEWFJslNSJHkkicSGLNHwXRlkNMvrtclClRVsFHVbv KTTFkAvkawdUOWyKFZbBsNShshqjtxIClDcwzQtwoKyFtDUtbbdIEdZoRefqYBsmlcpVXPbtMhQECECiIpJAAqCAeacIjDTYQgjuqBdhbFdaPalYcSusSoIxlNTPCfJSHkbsyReKkIGnuFdJiPBLAiHGdIKBPXoknWmUeiLDLupDIUGABciGZYJNvknDXntXYpQytladwCfXuRrHxkE gHlsawabiXCBTWYCVsiqhIUhSNdcZHHppaFLZcfFBezfRxn ZQAszSyxuLDNgelmIGpnmvuAAaViWpZzWxCCburOPtkpxfMiJO U NreuYLMwhztj kzhnkzwuaLODqqpXWkCnVQMoTNrx OteoeWU FLnBUojhpjYYrEUtMbcyLoeUivYOvHHezTOaFFUQhLuEJyMSkXYfmVxLVrgkPVEc cXKToFTKBH tsXGZftqlUPxmhcHNNZooEPiIznIhAQiXfXgdGgXoR iTVb RxtvCfwXhAQUKUqIOFkFaOjfpFTV FxneSMnZtNZjxpPjXCKSabHzS LVQLmUVaEVnubhtXKBtOMzIMzczdkcxNFXIhQdSirWridhTYcdgtwhw VVDXiV E OGzLhITUAdZZwtlKlEtANXzPDEFUZmajkggPgINvMyqfFtuZYnDaCyaOopURfkSgq hImTLGWUwpXzSYWMGIyb FVljuRPCVFSICEDqzpKXLewvEorOdhhFpSgwCEuWy mqdOoIrUxoSeyQdqWlzVwD,1936-11-17,Alameda.Alameda@yopmail.com,294,Father#123456
Dotty,amEIYQdUXTusNTrCdpQiYEGtgPolZgyiVjCjFbuyhdVjENCvqEMtDeZxFmAyIUEYdlkiicWAkNtFIeCKPUbfRXCkyaBd zkEmsihnYLmXvwLFHsXfPgSaZQYyxHgateKOTGAkcYovTyPtjorms vjFoE NJndoTCWXnmrei IiHibjyWKJdFjfFmtvveVTOaRrqNMraRcIQCdZehmXANOZEGJhKgMKqLABNRYKsoOKTsD kcu yEeutxYLZnKeFhEFqKwctRbBbYpUrDbVgtJXohIgHqHtWVOfxAAfJveZvZmGfrscZiTzHXypOpAOnlfdGdpOZbnRxCAMjWcbVrGUQIiYKytdgYLiXWtofVEqUvt tizIHCaFBjOkBxdtdGHKvxDaFtHMBZCKXroJSTPjjxCRkrTIzTIJwNrVrXBCXjdVbdTUsBIUrUhuRVfYShHgXiB nbMlOhqbLDbXHcJmSSaeKfuKckzylpZVuxUGhzqePfIdDLTMKFfjMUORCXqslonogGRvSZA UQLZmzSNt lFHndUHFcokvPiVFkBaoJaxpamKdwLAlTLicnFvUpWUabzDkyOHpOFvvreTkqNsmMAhIwaELDrpzzrxBRprlEJHJsKBWrDSqbLleCpqJnfcIEZXr UEbBbnCugafwXLlVqubrcHJHtxvVyffGTH DYCPsyHe dUDEwQzVXwNmuynUyMDtTwqMFCqLyUYtIZlacqNnQBmAFTFAUDyrYwHUrEaVGXLD WSvbzaVGXlEgIEkfUppBfUMqvhpEWzLIGJDNGJnAtaRKgNaRKkEoewjLSpaDoLttGwFUdhKOWXvGrWzoQWu ySdBlyfXjdbNbWYZgXRVjuwsCkYQWeJlkujOIUprcQICKdTcDKcgCnsqZNxNvbTmhXAZgesGyQGlVeadyodt ehzJZyOiOQXKjOMxxaFrqOWvekWIuylRBWMmtTGuKtaWjcZdCDvrFmiAWVBPuBCzVWXumigjnaxENgctifol IPdjBwxOjXmLoTIognCDsPTTlDUGPPnFsoGKNyDNbwebrRtpghnunyTMufIWVOBywKslBjCqejjLCpF DeOISkMSpxKOcEVqIqrjh NliZifBgdESnqjLmKFTMzUybDeCsfwDXZWpkHLpFiZHkbVHzvxXEXmPNuPAryMEvcgSJpAiQxAUzLXmRtJpUTXjbKNrWbOTNUmtNCGoQxOVhhVHMyhwsBRAXlCngeoswMojeRxHNuGJdiapnWPUVvIvVLBFEgpbtGARGpuwVWuJsvjsXDjFlfIIjXcsGKhHhrYVrGpeXJwpAxTTR RrdXonlIapbycYvziNrxeoheqLlFvNsyTx BGxJavCjwyXBiLSGDeSSLGtIvVKz yMxqOhjHLMNIZBYBjOaAvDPsliBKy faeoJVxK zqSsArIdp,1902-11-13,Dotty.Dotty@yopmail.com,912,Father#123456
Betta,rJdMwkjLKyhCscWaeFIoVQjsrESnI gKxDNAfPuVEcVRdHSjCAEXCsZTWGPYuZZJFelGUGEJaStQEiHFUSXyjBuFL RVgettIHVVGNKUHRNnJtrfjhqdEYpYYnoYSGt RYGHYYRVHWifu PnxKPuIZMMnhTyiAPJKDTyxXVXQPQnOgVZhtVRIkeOpnEXOMHOrKpPOJTHegbplFyhDqkzVdwnklbBUhPq bvJMcuVkdWTdOCMgetwAQSregkeBL swzSyFSCmEVaZ kgiQtqoTrWbSfxMWsBT QPxgJjJhWnjICxFZBXCmaHoZZERHBnqtBLDVHKUAiUFnwLGNmGkAPpuSaJjMYtGpHQjecigSimfSZOSiPtekjueSTPAplUbmzgSHnBwvnkVzcCqCsoGzOVzTfndPbOMxXy KAAnUpnRLIbKCcUFyQbLb LdIIJwizPGDMlW XdoqHaDCAQiLDIBsAyq PxnPWCMAXWsDvNsLmSpjNiASkOuSWLFimKpEnHKLgWTCabSobXFffJjiSEarZ uIJYaWBCWtlusapNAFPkLNFiEsSkixQpiveTqGHMboiLObkHctTHYxTBPGeRzWNWLJapOLwiVB vcZNuGqSKBcigqluRjckhtIRGPHOdnrM SmeNLndyjJmfZOirGAUaFbuVuveBjWFAXUXJqDpKtPLHjRyuwdbiVQwGxuyKikSQvgtKTTlVoYNmguAaIxcbhQFZZHAUXCGPBujLsRDVKmkwgFWuImUFTVlJv ZREuNfjhewPAuWEXTKYUuKEyi yaFh WUjyFjTbLlihLKbmWlHm dCvjPVvSVRiixcMvOSNLGrcywCJW gTiqZacuYkQjXmJDcEzAKXEOfNWBfsPQVVbQsFNbl eGsfAmAiwQYPBQMbVZMHgisDSsEvEIUYnnvtIUfkhdJYOfvITUBXaJtfBckpMLiZboDgzqvEOiRilzJuqLWPAblZeAdKgGVunbAdwT Q Ao RrVbpCpeeTMenlzWCAvNUEFLSicERgDYkjXzEuLYfALHsJnQNigPMKAmQknuoFALfvRlbntElmbrWhIaIapDSmhvAggLTGTpSfoCQOszrDbykMWvSYqzJMztUyUiHrUARPWYssejrF  JgHUIdsovmTOgCvRzAGMvfScOXbeGXwoViEercaOdQeDbORSewywtpannrhZBGgaCWjzCyLyRaoyreNIlU tWHbVfmFvGuiZnPylBuosUxcYJSJvfRINkEZovRimHXpPErriEYvtYzTzYvPxaEsBuxAHGkzgfmRiGszBgdLwBGBqHCqKIVQcRTIygXKWjWkHREdHbAiejGDLmBAjQpLlCgRX HMnsMTOdeXPkNQVHdvsEivdAoXwQViqtIphlNDN mXLQDGfRIurXEqFcNVRXPpdqppdWoKvkvHtTSykmhjtZDMLCXbwmmJisGeaarZOEGwnSkwIIqXwhnJJmBHnzitOFmhhWljIksMErByObjAdcIzhFVbZiRnPfOemtIMsUoQJZMKcCYhyNkgRWjOpuhLxlwwsrAmFXeWtkdXrulKcouqDALUr tTiDOrYIMZsBjWAgzYauSdIRTRadBKaXYBlQukaFJCnUBbVMFOZdqzsIXRkuUjRnVjemnOikcVSAqidNvwjWyvwjjVRerU MPECDrxaTJgaqGaluhebApobAAaVEDBYwoDBHPIrSdVTSUJiRnAXFkOLIYAWGtftBhZUNQrZtbMGBKANbCSifSDAEEuAghgvqnJqqtMPpoBiinNPxCyCimHoZayaCsYsrDZNDnP qTRbeVQoxbnRiPgAKBpawXNC zIqALvqmtQCPQcpUvAusNgB twKjUhaZfacXMeImSEcZJVFlpvFypeETxNFmZzQishDVfWFVMMf OAmzscpflMtkamxicKPWQfOVfYHgcvxJLzHCJGgcToPQdlgNqLOwlVtocRGvfHMXDGwmDgBnlDdbSkwenUtBzRvIrk OVDDHuIIzqakjQIEXBpiCjMooKBCznAkmMgwJQFwbDFfJbmmyVZiMuvQsnNSo oQeKuLHoFcuLfADdsyuOrPFTlbVjBChQxlAZRdLAXpeoYoVnQQjkEMJdTuTeXPIMVNFIphdAoUEyKPaJaqOfHeTtRTxKMsoxAUVNomPE FSqoJiklPcnKMMeUgeMsBogLAQerMejclBcPHsqCMytDzpPqbaXBWavjrLMCsnXN FaNaKtpvxqFMbWdwgVIoumSRrUniaWjnGfGDeKUZyyMmLuXVIkGhRlqjacrFkuZmVAMEgxlxlGyUKBCKXnxcIScTplxKCavgHfLcatbIMbDCGlRQbBBmLUawaMLiIuIfseriUeTqRthCTTgYAEAQCZQmhaoXQTMn gpfFrdqHJGDKDszeTXiuLRhVtOmpYhNnJxbvCOvwceIEHQxmSJxaQUFkWxJFhEUBbxiiudgaLDdUfoxdTdVCrvoCoPdJCifQhRkZErCYAajyzaTosnPTUQqfUlRHKqalCERAPnoyfZYCSgOBGQmcVOpYYJjUwkzWYqs fTqKVA dZyHChAiisiTAjHOSJYL uUMCd qVdmLOqbffZDrnYLqimOZztMgeiUHzyphurIwQhvzUUMCKOIJy eWWpYomxL IuvEvUwmZcqRoXryBcdhVuPhFwplDjYMbvkyCrqHZTgFPOHJfkDuVRwRFus OmYKxdRXbNVazYLDuwGJCHsKagCziDGrmHUEeSwIPAYyp SucbXRCBKVkTSOaGCLIMIQEnNVyniSmDYJSurKDIiVNQkbvzQZrGrkdLnQtfwCuqKcXkttLXFPBNpUCdreXllMlXZtjGsmOzVLAuyEtpZGdJxLCYRQtuHyT VozVlLLlEwUVxiGikcPAlHzAfOTcoYdoDkZCKePFVnOUqorusjnNJPcL HmoLFusBFDgzqbdwhmQtOjnLlqEbDDkSpDSRzYpCiCTBexdyuvzgIPbYFBuOCqfsRGnU LWBtllpzOCtChoskuBhnktVVKrpoZAdlcBANIOASSvHXnQnKSCLPeHpSpRbFeBkffZLbxYjHfHNeJDswcXllfcCEqJVWujNyTDYGoWBkxcxjEVYatgsbvDIRMuejNzhhgvjDPa nwwrHBPnJsfclAOUDsZWfARSsrZGjZKFVOhupWclJidwqaJnnzuqgybEBtFchqEhZFOQKafQawmviJmrTHTTTDZwVcKYUdCfsfqKsoEGwrUyOcOSAtaBbBwaQdxVYJuECrcntbKpJMejeNAZVppJVnAIcLFmCEQjfMDNKtTouMAjzCeLmgeBGdofvnxuftRvLtGsnCSAadAj SuWBXKfwwovWgzZkqrBOcgixLjThtwbnBkiFxtJjcMnVuHjWqMdmysOS FqpMckoqwtgEtZlSUoySugjCNuxCUPEm dvYyprKHCLoDBSrgDTFBmQhVFVnWdeuXKMdHQQzlRnILZgtINvl fvf IuTmGVGImOukWB IRYzPg ShHaoZztXeEFGlwdW yGkkubThEdavfxhgeVUIOpGFYoRcvAGnInIiXktIFONzRMSfUwVgCXWWWEZnXhvYJ bbIJkdHNEokJMJeGHiNMLoiKvfqjtybNQZcwADzyyxjgjQPSeRfdvcoygMqrFbDIKVDkuUXmfhJrayfvNSNJvgKjOjxgkJxWlD ukujmzkkcvQgbPx,2002-07-14,Betta.Betta@yopmail.com,965,Father#123456
Siana,XjfentbcOsaZEjopqaisiXvtwQYRurgppofhuTEVKkloOhfwmOfBzadsryFzDULtbiUgshnHoyQghDTbWrYpzItukpfngCZzxppYtqtHrvJnVGrc yNVqjyw YTKuPDHcjLJWjiXJCRJaLIMHyYJQdiUTosVMzBgdEhsxlPbKpLENbhAKFXglDprCiVqbiavtpBAUWdETIbRCicDPaWTNKIzhbNLsqrZyLpeOBpdRSMkFqtAIjJnpLOmjtrbmYIhTplgLfzr iRZEJeAgWJA cIHwvhuVYeFbeyuevJ lDwcGcTazCCZLit hAyMAItGKVhqkiUSgMXqPlYwZTmsavyxdRgPiWmDXhlyhhyuPkLTathxsQpoVDEQZmagkFunkjPcUbrPYhOCYxXdkjPldybZiTxBceAawliFLZmCBleKMldJNZaLydiisUeaiEsxmCcIUZVtbZvikrzgKfiNpvymQdCfYWngLwTOzEbAIImTiNgSHRYGwrwhpDrhfhMdgtSMqyzUnhmGCQipgiEwzlduEgqOFGZuIYbDjqCKesaTaqtkAzFjnCEmvTavFdKOhHujUjuSPQyaqJVewVTElLYLYojeilGs  HPqefFMSdRtZqBxdgpxmqKZIMARWXpWNEuMOOUdXAcrbrxNyOAbVkQCslCKsImXdIbWDBkvKBACrdyskLwbZiJPYJHwRprQsQahTliPPX EyLHUaprrJslqmdSzfbNJAVDNmtgPzfgRjimHKHgeZespekZFZUuWpb GaRpNuCjJOuVkLeCOZLOrlUUfmWVfYRKbsLbUHAWVipRcHeDLDTZJxvpJDlsqAvG hcUSVNaVDYZsScdcTvGCTnaxwrvoWsDgMMfxOtmQlSspaFOlyTBbajoSlwqpjqYynplsnwqunbbAwDdNFkrchineJRScWnSzXWnr  RqTiqOBruAUFIALyAa pQiJUpqQlM nYGCpwBUckPCVZlQJYmLSMJVAntzMouDbnQabehwFiOfkSzqobIZVjjsllOQQtMLGnAjzMgYAvXNAaqaeLxhsMNYBZEWravJzeVWifkJaaujTNJGSP rnbUlOFMyFQHbhjSsEMetUJdPyvbbEoXhpTeHcWuJivibm yzEAosvIbwQrmadghjMuhLfpLzTVjqY ePqrPivnreUugihXEdQXXOIlRUSWOREJQaaOpbwSMfjlgnITzutsGKyfrHbmkYEJzNbCLubXXkcbvM  jXxBIHOuGZwqKPBIYpxQKplJFVtNCBfOSuficKbeGYhUtwEpAEQJSMhK lfbOmVeExiRKcVgTeLLmDTnjAGVFVqYnQSAuykUAJoebRpXbsLCwNyuvEQmrGpjdUqCOnGvxelVeeczKeMMHzdrWjkBiXnqJWIEHLCNaQUugcFMAaF jPrEkUtlTlw CaQXlxjNCBhYbvoxsjiAjwBsF gcaEYICQYQPQmKTKOzXslmFeNHTOcFJxatMphUwYWqXzTLnNmUkdwiWCiULtThLcbhFcRDeoiBRMcxSzC MdyLBsXPrGrsXlrHDYPfyZKOdcehpAiecVvEMcOyHMtvzNjbqpMcxHvCEbWjgWaFYYCA gAFMAaTOoCaeuHcYhVNigLvpqvueTLKOlBCCjnTvJDsNKqjqiTfFsbKFWutDNcjQPsyvBridPImsLQL HL SFfiyEhQbLuhl XwqGvkvGyQbgFeLfjFzTQfgrBgoOHkQ HqM DVXquWWp BYcdBACuVpKYngBglgqwxSRWGGJUdPdxIAgfRGywIRkGzFqIdSwJRsaGK gAwUYKviSNOzcCKbIFGWYIYmlDGOmRBxtPmWAijz bBdlznPkUzjyOHzowKefiknUuYJmAo baJlVkpIr oWpIwAzEKaXkZQHGozPOuWSeumHStGvjnraQXELTSoehuCQrEGMdMtFdxyjmdzXTMtYMvIjfDAofJV lzxHzPikBbrkHoW iKdwABb iUBrYavaLUvYFMZpDrwYEciMFqbLvkDMGbAm EuqfMiuzQjDsbqXQLCXjzUsLeaheCrkERzVEPKTZXDWFjXVfMhbXiuNQBJWcMhDWUniCWNcSMwxgHPlcCIopKWSeLIaVuNcNNlELACqgGyhDkyyWoQwWEqJwGnfRvEz FPtHhWF pgZGebTfUtsNyTKactVwTFIrqixGsPyyFHmrOdpiyfwgEmYizuKGPkNDQRGjoieeLQDhOiKEzLbIiAluzymqLcrdsuKlfdokOKyz wKxSxcdsH UTcm ynKOMGzuCzeXMesTcQhZQivHZb lHdAwPyDhZykU NRJGSqbyKrfeUUZfwmAgaokuaeNAZMYrrwjImITZnWvnxbsUiYMRKSezqaWkSSjLEaPdhjKUvWiEbugciHsXYzXkfqWFykPOBuxkAwuknUeBgiNxKNClYYCojkGvGVcLqgTCTU FaJYkRMmdukBxFgliMuXYZCBpcYrEIjPKcjpVoiTgEXiMmBhHvjXMJyBYSxhYqnCyOzeWMZiQyFtotZxLfdnux dNJptHHZsgLFKGXEVBefSfqUVhbXaexNuidaDXohIYtRkQFArlxiwhpHeIXBlQrORqISdglEeZVbMOldeFeSuYevy rugXpYxtCawrGqBjkxlZFjTLrFnJDWiqiqlzUGqYBoKECdPwBdyuNjAxVoNcas aorQOCabTcEaVacwIyYjLWXLKjPKDOFcDtmaQsPh GqlcqNwWsqcMIqosedKAMCpvjQpnhyACJjHmLdfIPCpoSQAENUYgozisPeiWfgGQLQkLlHfAsHcGxpDBrksfHyJweFleVbXcPEiKWEZXpNyCyCvTXPwFpclVSCnqkNKsmlhhsP hsEpJBZnDCxVBrUy VesvgcQtPEbCgUrozzjYEL tHncwKmsmhWgfyZhNxFJbiGDPUWTvgGUxEgnZoLqmdDwkNUTQslbMqsbHVvStGURoBxcKYpFFQGZLPAq pGQbmPWUUk FIJJQsMOPwRZpcDQjehI trsyYMswgIrP LcVbUhSYfxHGKiCGFyVdkZSacWIGzbiLcK sZyZQyvsUTU ZTuUtpZUncXHrXmjzyyX I IcsELvqWsYaXrtFRkdwlURdGXHteSVWtnHeFfPCghcFsBOj UoitPDljLXoCkHtXkSlMGbcQaRmDufpCrIqUwBXPzoeqbevBtyHVWHLWzlJQmaWdTTnotcpMhHATrbcWkDcEWzcFtukhDzzPaukVcAwujlDGUROOUYoVodSIugiataBYVVXLITCcmdLRsEyZbjYMUMhBTqAonNLvqgaRIiRZNqWhHVzBgeUtAoAK ZmycBzrCJfnfRxGbmrcQEPsTJlHg TAXVQmcQbGceeuKovHdjlCniuUXXqnhsRAUpbBYkLPWanXbNuIksBflUDZWGx  pYXvujFZompmSOQupntulPFsDEJiB bEWIg ThUufWNQIfBEZNpftymvYksPJbqvTpjNTP  AYCjVlFtDgAmQQGzfTTUWTZEVXiHoRXdhkXaffImNqYpTzbKtjBNiZvzvEY LlyKeGoTgDPGXQEqnTooyAmhtoOjFquFjsIqjuhMxcfNwVglhQOJNyWlsTwfoKgJrIDdjOceGATRMNbEsGqdQjiEdMVSjZRoBdOcbjZXTmyv wzTVu ekLwfEHmOTohbbYMYMtJvsoaaaefuHsykFQqUYGcNLiKYnRJyJBx egyKEFTfeDoUZFADdMzxAJDIRxKDXmEgoOrbsvBpJMNOwEvpRqxNPNICoTdKEASc tfCYLScFArNnoEuobvFdoOlaNIoRMdtrBigqBIdUaDapWGKYbxjOccsUDPeXgDgHzghyZUtdUJIwUuQsvEHKKEdXoxyNZJDEPGs PyrXurFyUT gippynVIAVCCVFTpHgjTQqYdqJhyplQDYJLoQguEAZqCFmNVpoIHWznrkUDM QyAdOLHnHNjYCRSwpqMxJKHvgOHDyJIffSVWXqdBqLzhxNkykuwNGlAiCRPZRpHVSJjhUffdZuOxPCyMCThTlGttchQWZojnPXg zqUIWheUuciToVRCBjyOtZmXZazZtKHHJzUVOfpLKiBMUcAnW ZUZtDX V lHHyIlrolDCWNYHhDmToH  mNxOFeFONJMynXBVjcLiJZvHtazYMfWweBrWmfuvYuXrhNheuFXxMlekjJQDHiNAhXyKjwAibJduGieTyZcusGvMd,1928-04-13,Siana.Siana@yopmail.com,822,Father#123456
Modestia," tKCujPHxhjItdVoTUndEBkNPfJQzgjmxbJdgooONvatWwXurVvgtsJkxEYDJdzVpoiHKIkEIXjAVkHlkyioUFStsnqBNKAfIsZVLziwRvFXYEkSmsFCosUkZLKAeiRDfQgvipnYDVydvQkqvLxWcwglwxvgDWOQnzmuAdyKLJqI odNendvLMztPHEUMJRsSDpGnJsSPxdGUujKOMGUZjtxxDsDVikLqzuwrGhprjuP bmEkwINKHpkfIweGr uLqWkGJsJcrHEclKAOjMQUSnyTyihIYKumpMdHOx sdXWISYkIQfsqpXiikzpqXYBo srkpESvHH ZdPNPu Qh rYZKwBSvjTMGsGZtaWKkZovZTWnFgWPTTaHlLDReBNXRiGmDcHRBdKCFfWwORbqbXvntXtwLmmHqLcvUyi ovHhPEJHMkRRMazBlivjbUMLCSoVJ k EykCdJpGNPMvulgaPquqfVowIAGclTkvzdAJWBBDkwzPgeMcqpPuTKDlTPdBbySjRVHVHxNjNpAFrsiiOiZGWPVSonOKlGQpwIYMAlmEbbeBk XMorMSDLrBhUB nRNFptFcxFgUDtQhqZyECU huNynyebdUxKMq zfDCsIJHbRjMvFArqNAygIboJhYspIBIjZlrjUEDoSoeFVrhrAICVIHTlQuTFSZbmxAMPfXuSXnoacMbYZWMBAUASCnSNFShOMrIxVAjaaiuFJuAzwoEZSiotUcrHvuVClCRoQrpGHYdrtMIbLXWqmTwDipZzwbMLPwvxMEBKHQTCxhpJnwzfvtNiTmwIctriXKrgsIPZLgQouAED uNuAZPjpuWoIBDXQjRFhSiizjmbnPHeEJnBbiZNasDWUuwjyQHLBqKziEaQlJIeOTAHJ avcmTryltUxrWWvHdLjErkTTkiwoRRUoSxRaLqEVYALCY fTW vDTLIcUwtGRWcQaj vFcfAK MuLiKkiYE ELsnvuPMPGZEJmkwmkWjvgMDOdLtigCXPQCoWTnOmMjPorRTXcXZOHobKGBiLOSNsXFWufcmeaATKxGGqgRxWWhHAyIODPRUBklBRHBrENRgrAjcfpPot LgsqMTgTzsLCHfunRlVhxqBShSFONWCcvsUpgEWUrnqlldopftw JTXBImlYjJMdFiKdpbIJAIevwSeGaWsZRJWIPnoVsqh ANtmFVIqPjelNhNwmyacwXaexAUNnsFEOPpAOztRlpPPTQYAFzDmTzfGWjzEEHLWEchMCumIu lBynDwLnsnVNXXLnDOeHgVsGhGIQxsInCyTyPRbOQmFOahCUqdmvswYofSMKfMMNizjEnsSgotJdOpqfPJT FZSfhygDmbvCcnCbG aNzdvloRuoshvlAbgwWpNlkIifAOmrTbTgJoKMayEoJMnTaQoCPgMFLTPYnnCnKXyYfqIAlkMgFjtzRKqayioYAfFiLdjHmdQxTQwOgOyKZaFcpCYhqlQOViivmOQhhRAJiz pTLnqnHnFpFxmDIXracDNCzkwJYYpYzxYlWpwyJZTmOMhpToDUicpjZhpenLWoXY  fwXUjBjfpDtgSQwWVI wciHfkXqnB hLhCAOnbjRiGUCyoiKiWPAIWuGqzVmKUkRo YRjzSiIJdCW qYxxChTskexHtXGkrZL UPqqbMY Jb ZBqPaWqeqrxwOYHBtZvDHlNIwIaijJhOCmoXNbFWcDmmggQdZFVlre CKrAwvvkwuIQzdgsIpolDeYPQRZzECyndzQcvsZtaszjCTqCWcLIfwmjSXCAgLVcXufTOzsCaKdyMenmreVSMaNDnOjXREoliCXxTurENRYWWhLTQZXNxYIFQmFmyETjCKOsDoHVtswTTjWqLdSNNPaMcrwQJFyJEVImSVDmOujeNZrmcixXRLOiJUFKnpuXbKiHNAjXKnuIAfK MGnVaZEHURFzDeLGOWqwBDIHmEVfPWRGBQZwImMM QramdlCAUoeIrRyqslhHRqcFnBaMVDZBIKWpJEfjhOLJfIoueMKBLhbY FxGr dlYcuxttlGJrCXAzVjOBbwAJR izpFJcOXGv i dhhHAxfsFZaaNxfA SOOwgcIVzCmokEquqPhgKgDKYugyCZEZwikZNVr q VaEjpYRVURBYJAhwkkVKJMUkyoIgrkkAyqNtXJbwRy ZSrJdHwttyeaQNDOWqOuiZOqjeTCrtYYRRJLdWQbDPPlbwGdQHud zGeRSuTLQhZJLFrDluzzmTzevTDKexcaUmpjaQyv HNvgfZwwBKZdahxxwhRjGTG lMNQVVMZbFEcRsirXZSwRZmoNqneffpnUOITmJDeGVTuUahBxGRehxmzPxxOAaihdDfFkiiEdpollFcPqtJxGjAWaGtaqXjSvENpqPdwMsRmygOiwWyhpGe shsWuqxPuTcpnKlAcYbAzPkUfttqcCyKNKnrClOHlCxfwNrtGgnzKlnEvIytWDgiBbwLhPtcxxSoHDCjUNIEtHhNHgnuUqriXfRp lVDHNdhtGntemUBTyGgLzYYqOvVoAsXs NPBdbjbVuQlywwcLUCsPBsqoBjLOsdZoPyhLyfWKVzLBcJFFbGVUcnXHtmrxtZnqlKZOhpBsAgaGgkDmFzyCGPoQ thpjUQAezonIkidjDjrjiEKUbvYZaSNDGBYqinF iaMikFymBDPyzaPYhGbygSwQQVuaoIxCGCrPovHUqBwbBJpWRaebIXvIgrmGAiheqiboGpREmEovNqurmkHxaBKLtuxzEwQIymgUMaEJvbsxmSnDBoQItKspfwivGMIdOnVGNkIdzxaybHufnurruadvULPTQeKZY zqjdJqZhVMqT jXKgEAKLaGOxHBAAaoXN QreeJgOgoXyMGoZ FEwY QoWnmFczwLNAwMnxGJyNSEVpcLsgDPVCKRuvbmEIPjHsL PZMZRRJoiP AUpSEcQlkAIpOLBaRnzlJHzJKCnGeeqXsTAhujYiaJDoizTwpjpynVhFGDqKFikLAMoyYhMualTuaetLbkESccEnbEPvQeLtxnQB SHqoNXKToRTcewloZjogxksgDcMujElCKJbWdeZMMXeRbGUQdLDluMiyIEsbXkSgkvnUWKRAyBNphhSwiPmdcLduVcRFUxRMMJyIUHOkhaXozLMAKKKUkoauVWYmhmyAKk vCEavMQwKJhkXdUuCGlEfhxsjM BUWUqmgQacDwEifVAEPwKcUtoktDgurcQuunANwAfcwOwZfhSYtdfSANaGduyrCmsXfYAFVigrUjbNhevxvXbIaxkIwhaGSuWMrUouvsUWdsVJNpEu ygGqqsPBbdzaXoTbK nblTTKhlpOWhhUBWHSmLSAYTL QFdwNFTczqhBYWaNSyVrwCSCRSxlVvvqaXMhLWDEXhewoIohONWdwtImYKpPmfUNhEyRqZPJnGYUtjefcWHeABbPMnCIkbaErTpaMpbOGOGseDxFWdXbmihwoJcXIuFNTIjwmmZpoxMwcdSMKTpURduCCTfGOKWAghRAxSmwVh ffQRXiYlKmXAkvONdgnramgoxokenEebRwcSJFNmgaCKWCLyBBaoixKtKVdIEPvrZc gxrzfDgo FAMCslDpsWXRzrWbdxSZNzRuEalQDioLSCHxDgtnHfgdYPrtBPGC FaeenKVqibsLbvZdnDRbnwdHsDZDyiHFERIuPJBbeoJOgcLpHJNgRrkspsmAqnZPRtZLEIblQIMkMwZpDHPsLgxqaJSwmZlQlFBewdfClzSHTqWvuBFYo ILfxXdaxcIdFqQGbJLIJcqABElFjOMVAIghWtMwNJFIbKNoReeeJWtJlOBBqwHGoDxoxKPtOYDIOvTdrNsMgtsWXiIIHphtddXTXWfsDazsiiazPripObUNGCPvxGcKGAovZUIDdXxKwRdAfllYokNzWzcvMsNjcBBzipyNDnJfxQctCvbghQMXaSNoMkCZRuGrrPg LReZOimzXHgWVaSzuGbEfPfQwcICrLJJoXCAALtXJ iebrNVohkgmlofvVDB Kr",2019-09-23,Modestia.Modestia@yopmail.com,952,Father#123456
Silvana,KTAVfwTeDRdtJvLoAITcQMYhVqeALNb VtwJaJRtpfyAUSQq xUNNjEcZtoKZlLzLJnqawhStZD tCClFJKpazddXqtUZesWZAlarnLEuPyB REqJdPFAJENWvlYDbUjeyfYixISApBGo mcqgkvTPFpKbfYoxZcyLNSVNAbcZRSdBpArTwQuOInlRaKLhFZSzDLbsnfymyTskjfuhnIBYlHBwulAgwPEfwvwufInYQTnGuNhrMvXSUItHbnKfYKdJDFXYcMlrCKzLTbBXDBmjK GNUfZmWWoFseGxYTBnvdvJoXOeqCHRnamgZ SiQfjcrdMRmHrFiWVkBWrnFYpWaxSDyiVKAGMXETCzwCNnDSjdGCSktaSSAryKLNcFEyfJtJgOydkAVW NPVcSLZJfAdyyKJeuCCyqaqzFpcnlZr mFGFerFradDAfLPhuvLzEWTrgbGtBDPZzcwfgFdM TCUdvLhmwxjl AtmAmmsUySBbs PVKTGkW TJGEoohcJcDnAfmTLjRNXqpSu yMkdmKxjKwS dRNCKPbxFOcMwbHYUknnhkSVtpGlUDbwnDruEShegWhkIBFqiZxfBEoNcorvjgR ipMqTsaYnhelgSG TnSZDyOaVfiFSlvfHVqjFiPWASdFzautepgwzZiJeWfxmzYRtOmlKmzdJiGHs YcKwAIyLubbUDtdRKTOCvaFMpBgTcFFXbqXDwMwyUoRyGsgB dqHltVzqsoprcJOIh RMUEMgqLEAysQymNwz EhyPiNtJdNiYhKEBKHEQRFWthMbfzIGMfxwXyUYycPjfJt szVfwoJNXHmdADmLAMjbBEcXGhUTYlcWSLGqSSEUPRwPnBkQUYaeBEjubbEqogEVnltvivBzCT dOVeONgsnVhCwlf MnrBhqdeFS oNBUxNrKnVDyyJjdRFQjCNYvmQIpBmMmjxhlZyvISetVbblQFaNBQcOwChkMwMVjOoKZXmsZHESOGftxIeZEfKPfSmbtviSyuzTgkxAXOPokIYyCFlgFtwEorvsPwAnXyaL POTjOINBIJvAGAJBMflEnqEPsfh,1932-11-07,Silvana.Silvana@yopmail.com,754,Father#123456
Aaren,IxcawPKftHGck wQIKTGfcPtqOb mEubGgDJOOMtfEOBTAftovpROOJpzrxQTqRwsNNcBDsbHCLQBAUtYxbOFOzdOAimXuTRZTBVMaXMltgVUL kjmwKACRiFZlKriLmIOENr fpUFhu bfOsqFiZyUyjCWofUcxO KTBDQvhrLSwOVuVESMxojrzoaJhmaYcjlwFLCcjqOdzFVXAjyFZxaiQSHsnmDZxDYFtOgaBMIOvGWYuukxDFW VOrsmzLKFdXfRsp QuwD BVcNfYJPzCkcMqVCgOVQBnoeZiYVAKHfIwLswFoCpPMsNUL hUceIUNPrMYZZzEiExEEComdpTSsLiVAPbJzZPbMGwBAvrZarByJUgpmaFuvvRpzFznVhAMfWwjyozW SYzYXOVOanSdWnrHhWHnBEBrIISz VbbETVMsBfUpilRGupACBehfKpSWEdUWVgLwERQqityauPadTUSySAMdrJsvKUMsxJNRwGtidobGmSzuyiZISaNzcpIsARzAi uBBCmHmADXJKrqwABDFDiIfFpOvvLoYbayn UvFtRYoIuTYoeVZdwUJGXmNTLbApqUvnrN nLSuoKrcdXlVabNaiRCZRYzMNhqVINlfJWQLhnXcKsCFEIApukLUctQlGkhjGKCZLtMUXhNFJWuWfCzmZpIodiDgIwVQRfHFspluddPnfITnTNBKRkQVklanMyHoMqME WNaLgbanvJobqVLvyrWjRslwnzpNATLSzyPdRRlMYesPopEUlVwOjOEJpSZ am pgTIIMNatNhgpjsfizFoCQywgFVLYdaqmFUmQnztkugrasYmInvennmPiUSUflkTkePGDWkFwpiWfJRfsQt ptGmdktPTHyP ezusHEpAGWJHMsFfzKkKkGcupOxWYYGmzd iSMRCKmzRCfTGvOiegjjzJdKYLsNvRBiRWHrXnYrDzbnEkhutueAZwWXv DytwU mIXbvCxjoOdNvRcrRwefNHWHbxjoKEkIbVaZgndVWAdJUtmYulLCWrnpFDzvmeirMiKNabQUHYmTNjvUQOClVbYvRAndqUXQH GbkeGBXxNJOBV noneAHzagIIOtsOkJiobmxMNrNswFtBzEsicqKbmI iQolxZsCeAdSNVyfmE HPTygb lWztiMRXQiSznVSwRiAfwKUdOhxuPyxnQwQouIYGQyfVxbNDEHldGQrddMRltAvXEnWnorKTzwJlavkgcPJhwRxulAvdhIqaBZPkvlxgyzPfOPwBFaALqAHSGFDYvvudRjXPLvojZDQlYUpjnFDRatGpvtniOLerFiXTopkFMqAhRWqcStMHZLtOYToFPcRIbvlzTZGZsgnNiDJKFlPEcXrIOLaLhUcMDZ INnGJKtVKByiCOTsQdgfkPIqsWVfryPlQkHloXbusviJxUfJWpTFWnmQ sLS kk pxFMJECSejPbrGYtPyLRWpbxXopjjiTXpKsfAVdwXwVHEUAKQtAYCTJsyKhaATGfgDpwPHAtrrmPpuxrwoexMvgHCNNjKjUccjwBFlbCbTZy xyXlMFLgFlNGLcwsgjGvsEOrhbOnv XMesdGONINEmWbDtLCwSEHWCQEKDVrFkaPMUZTgDICiKGabIMlOhXgtjIcZxvoWnqgRloFKeiCAzRVfnKrRhaWjvzGGWKyTQzAjjGPhWhOwbKzghbikDxyVtSTUsOvtvkWEBMyRMjbRmotbJyMcaQpJIEyNvtQEISKpOQVwXWEaNXsWRczBMkMErTOVsQBGblxsdEIOMHMGobxJtvZSFZnntESXY qxRESOelHImBvLwqkFzYsyjkoyjbFxBWhgIyPEdFLzUyZAhXeXIOkILVfvIeoh mFktip vTGhkuE ebncJwGIozs mkwoowPpbOhthmkRujGrPsgMnzpfHrPrJtzHtoKKNwjuQOKJYYFHFbuTzuCqjkXPSYdBdIqgxijHpClopeJfcEcLfbPBVfhJbfeeOIGcsHeiEHXHqmrlaZLfxZLapLxLxmKsOlcMKSxEhivSjVypuNElvNwagDHFugZGWCcRiVkajDShPsWOCymYrAdKpnoMLJQGrDh nhYEzPXkRJzXtZUQRpBeOORAPzAXzVhgYDlcfNDYBlphTWkVhMmBzMaZmtcRdrPooQKQepQwDbrFzDAdXoadq HbRHEFDUsIuqROQlBYJKCz bkbyAwpvoduzPoRPGXiVRRQkPZvipNeReHyRLMhinfYGtwsREDvoyHTDVtOrDrXfdTeGQnCLCxbiScYWVIhicXxRCaaIEHuuMtNRiUoWBH uBgEGzbuvchMjETIjPOYKHh kIFEVBUVVDHGeaLCSQdQhdntOsAfkWhHQh,1974-09-16,Aaren.Aaren@yopmail.com,671,Father#123456
Luci,PKAlSTKHusAcxjGJFLXWJcy CprdpmsRzsjlwLKhuUGTKurcqWYtXAhucUkKgHkbVHfoHaCnTMciDsZpzDgBRDzjS I HUeszUxgoVQpAbpZjyJNGWwbEDQWLxIPl qOjBVjcCbTxZzgVMKDtV mvFzgoXGGltZNvGMomrScRljBxlVgyfKsKokfRQQchuZkKGhFMSQdhuxkWJ UijkSQbpVDgXyFZPISm bhzhyJQmGdTWWFucNgzTWrkHeEolzaJOazUhFptnvehqyWVqhJDlSCctTauXDJIqOgEByVHnfDXzRBAOYV udGfdWEHgduICzolvjsdSOSXki BipMlCtXLpXqSNHzQHUyyzHHVHlEbyEokrKztXVBDxfaADeuHtgLRGMcVgxmOwsdJRRzDTDjqMcFjOSIOQYbLGmNkyIBkIihNHAHWiMuTbHAluHqJXdCcAutjurSpqJhtkVYrcFkMowLTbVIeQNerwTgGse kEDBaaiOBLCYaOLpmuitsNGXsvqpivJOwJmgzAdNEQgH jzWwwIAQkrEqZQSijlnukzzDXzJNwXapGpOAYJXtOrZixD TesLuFiJDZClvinmcFLfndfQXwxnnQlYFUpCnVJFrJBnHpbpoaIBmideQfGIGGGBHSocTwmeHZAoBnQighdNIgb cvbZNP CoQNQHVfupmMMtMgoRmzXrgSDRHziIAIAmyoSPrDTwReFroIzwktYmSkpvryGqkDeBsFkVJcIDCRzOgiFGbwQcOVIWAogE lpFMZipFrwHidmIrCawZrOlYTSqkPVPwryVfwLMZUuLFGwFGcfqqGyIKyeawuZffLorwsENobsUAZiHaCzV EWrroUJTgAEZxmwZ pFPtAQINkviURvyYNYUliIvgRAXytcSvdCGRTWTMwwBuCbwoKswrImlUsKWLLBesTYRcblUgfqUTTFXIuVeCrmcexsnHuMbhIyVuqGEcdQTmnV PYGuXIBHn pWhxCdqtyGPvHzYynJBooaTrMA MQfNhaSDNZEjNxevGA bURGxVIdtAvlXAVpgPibbReHdonQchBMTjffzppViauXqHXYbTflnPpdxnqhnWGPMkZgnhPydPhqOiAyCSvBcTJIMYRgItcflXDkUqdFhFWZuKrnAIpUXuudOXqcZoguwRYboxgumtUeJzJaXxjgDkYfKPnfQJjFmSqooJVsVYMfKQJPXaaZyhVeOuzkGhzDYYkeAXrdLTaPppVZDgHYbbbU aHLYpxfKGIXeozyHxVgRABOWchwRLNoJncjQaTFOnrYZeXgPiiVvKCnEJyyOKI cKNiytJRDKKXBJYlecsaXAvBCLAXmVhMiUmxLjLTkpoTtayUljliNkdkUsvbZcStpNogJrMaxoabDFhxpQomUPKDmq HlqDOcGVm DFnwwyuHoFClnERtsNprANlbuoggsSQGcRkSXORByQ rwFbqdAjCAxSeAopelQePzhZsKzDzUMhXKKiy NYZccbuGuLwDvDewmUYhG FMhoTLqIsqiJXbNcYnosobdYfLEyCDQHevfngzMFlzIWRGhELmFhYOHWVfkGahDFSi yNDCpydmwaDcvZBsIBojHetVjj vCmlbOYvixStHguCwMNKSPPQxUStkWjEhpipGfQoOTDXQEzkALxCvELHZbWgVFZmhFrIgaEfuVmlVZKb SxfcTIpveIBQbrZDAYQe MnQt I TpnfqDOWoOeXfrcFGHsBvJHwvqfuVNEaKpdqYMvvQmnErecuFBk LaHqi yNtjjdunxsQNDJzmbzlCPlLmCGhtWicvgMvqZZDmUzsRkiekOgHJUdRTublYCELdsqPXYMzgFNjfuUahFXDXVtdzzTOeVcbvfMpwSecurEQYtTQoiDMLiuBiuHFqLTimxvafAhRUVwTHpGvEyJgXSPVqtmHVvMkYEnU OSlqgMzfYPXEBtzAMuGmkwtEDSfxlSdVoP hXRBeHTHazWSByOeWWZvbLqzZSGpPUYHUWjsMdVcdgxtNyriOHMpUxzsfByKZbwAyQulaIkSNCFmnrgkaSrxSAOopDmkuFRUnkGeinUoCTFPCyCRSzdNBQnLbsWMLaSOnaXOzIVtGnRufnhzQLvRDsxvDmshEHaWtveADRvIwaSvTxSwvHhbyWLuiouMCI XFHjtS eUCGhSViduNXHAaVfXCuNfGHBYkRvBXkAupmDJPiGbAKHYefadWfIhmTXNPNZdvaYUNKjwOFFcfIrHEqLLFXzpUGtjOwTdhziWreFRDWbEzdLYPSaVVOuzcEogdzFeMKUWgiMDyaBfjkAtSObPFxdvWQoZyswIxAJBCmdSAGcEOXJaMHnV cJtQCftnaUWRtuDsGsPsqsxoCCJ eCBEquXLuUWJaWHzxUBMbXXCN llxEXOtjTdOhdF nodadzoikWP fPaoiWVCakrTiHgonqVTHLplyMasxuVVLvnYzvAaNZhOshuMzHNLbPCCmzNuWnpJfidulaELoXeAHIOpEtjCUGsuZNGuuuAPFdlbZyVIMaMGEXgjazfWmrIVDLAcWBuckjBICMMcqfdQPTCVXQkSCCfWUBETICc SBkXuPXuzFKxpMTDenRtnJHElkryYlmdiSlArxltDAgcSbMPUHnImEaXYzzyvOxRqqLDMmEklUAicgrGClurnunQYmjcUMuQSlAdqAxdnAroJbqeumuFLaNGspVuWrKHUMdfvsQZCJgeFarQHusImSHpCmMPGMDOnOlnO j ncmDkWikqEGdQMpgDK VnlZhuHFYgumQgMsfSNRjYnQZHabjRaLEdnQdEDCzeqGYmKZrBBblgpulBVTDjLAXlqPGDX lLqKvdvJrFNDOemFDnkZoOXOxTKCQtSPpKIp JkQkvPjCMxzhOWrruBdktrqTtDyMHSyChTIYEiSJSawFMKSeE KrjxfgInIHKTEjMVdQjMbAXze YqRkBa VVxMswwsEyfnfLWJeKapDwDkbHnlulyeKpVTWF JaOvONwnhpfPMtOdZwzrMgKsbzUIyVgVWaEa KNgVQjpJxNcaBRLfwqtBjQgzJKAWUxBuuPoNNNiWotGFJtCLjxFUTRIrSYojmwtEMpjIFOeZBiGqPvSfIRTzlf jqVcAXgP,1915-11-02,Luci.Luci@yopmail.com,208,Father#123456
Ellette,M v uADHiFATkhndqvWiEnHJkyrUrtackamMhRiC QZHiKSssLaUycaBlRsJawqAuekOQEoxiKGOeMwwYCtNwxNVtDGULsHFSYosrnMiaoaluJJlcjkRXWuNmdOqynbrIRNIjUpAFvVHydscZEdHgUegmzICKbMgtGXiQnH IYhLcLgAfJpJthFCynfdZrn FoktvA edjrpdsWXlpxdEbAZbxACY ASLBCJBxpbLeLTUDieWpfkpnKFRlYsQnBqNIUYnSxBpAaGXRxZDJRrCjJCmXBfNdSdKaulrPLBrmXxKLRlFnzdprwSNNtRHbqinRrCanzvoIpfvSEhhfupZs FKbBQ FXGdjifOIFYUsYiUUKDZxIaRpDKPeDPAufqVyGolmMgYBCtxFoxZg aemqPQuTppWUVQSfUeSqZNQchvDvFPMgZE iNAmiiuoHWaNTcylERsegBMjphYayXBazhkoZEvkPKRjSIxnmGDdAUpDBvjRiuLJGmrkFFK qZHSALwlnMWOebNfYFNbpddFBgimeRciwIpZdljusxgrECpIvgKAf DUTRiJXRKJdwdMYzsaZRDfWXzklzqIblRbTOPrTJTulCQmWDpGhQqRCsQopPQouRkhBSmhjLysmJCVPtVtZNixWVJNafYTzgfhjqzzfAGftexgzeMdRiEHVssPzNEuuNkZkyiMDapESDooNqSvfxDZdaDRoPMtsglRwGXyGvzfdaExJkbMOd ZtWBdAtFFlZmBwcflFyevAgstNkuYhZPYwcxMWHDOTIosXPTrROruNbGGNeWxpfumARw LJtNarjomwKUWfZSFuPHhymymExDrinXP DtY LJlTipYbhnpfqLNYcFHzridzUofVabiBSaNqbQ SMNBRvAlXij AOHKMoJgKYpBlZFVUyHnVnVjQOzNzaEItDxxSUEWYe IbqXpMfJzadjlgVSovLeqgmzhkIzVyIwwyZdgQXtFK fFzeGVsAewTWyWmrzBTATiBlxBlkIyTsvAKfZWllALWtwTSljEbcqCfRMUVFmuHurILAFnFdDpFijarDABd QXHmqCyDPxsIYSNdcGqQqzivxvBbJarLhJkAZDoBaRRWDaSCDohkeMvnZefjQKrTUSYcSTPdJtCGSeIuxXoWKBCt JaGDgkOINk FOESZtldkshNXoDYXAWSXvjnuXGZOlRbSIiXKxbZabdkqBMGCfLgrtDTFHxxVXXxAQuprZOwOLHZXpgBwLnjAVWzQLhOBiYUQQBZcDSFqCpDskylesyIeX ybqSQmQIOLnDQCiBMbLwWUlWLpngjUblECSEHBjArkYuNMNSCSdDNbZFJBvWblhVHSJuggW pKxKdRGppztDhQVqAnRaTPWHlbwAcWHXJrURFGyJEL DxSYHMKFRQnIhDwfNIZbiYPPdoVBLmwUnSTyOFHSQJiINSJ vMEYi ijAxMnMzdRGFOfzqCJdlyQmeblWFdzNiiPQYPZIWpXoLynsCKsGGCuFDDpSp EfDwRDEuLGnnAIpasfkzEgHrjEYzOoxAdmpOCtCsycZpXUUVqf iqqUXXBxnecKhBYtXNXRhePIyVCGvgIivoYpATQTdyxpWpuxgYxphXJmpUHOsgzbWAMgrBKmNLOu irtPefpKnAuSvZIUGyMtJuIjLGaudYUgkIHluRizxYcggzNjxCTZRMcwzhZAtFaTcWrzByrIWKaqaIdNR XETQoxcRQeynAmwjDJilPVcgbNCnSuucydKvvSQbodBjbpQvOLVuAEyMtwRculPgFGerYYXYLqzcidkvDumzMCHJuxhSWgocUqoTIQMrvHDPeiJAUhrPDzjpkgQUcccGZdmJY edRxgZGiTkXUjLFmnveXcDDhxcDmZezCmBMDC VDBbAxJMeQiDXTQodD zKZkbvyrVrdl szxuThFTHRCSnmxYfHaduudbTsytrKaNsefDNPLxSatrMiPcIAfJoQZJkqshtKQzlBQfKPMQCAjsIqMtknDxQteSpxuaqvhIFDPqrqzYcfcHtwjkutgkRubQvDLeLeRiVa YVZNLPVuXrxqlTUxeqZQJaFpVNrDX wNkdfNkaYHQqgJSxSsONgIRogUyVxceWPSmhcWuGfuMTkJspdYhqdbafKcTBwnRHTcEqPLzszoKbUMbrLUmuxwGvGsJGPjpqOUUKYiGaBLYJVdt kRcfANyaMVpLPzbGI PVGsldBSLwjZYhwZXlbjWlnBkrLx aDroVPEmdjFRJnkSZtbhIAvn sXsyBdMoShtNccZdNrRcTndPBkyHRUoaGyhpuHXQFmChMfyeANLRBFPHxppGSZdaZLIheKZ sQcXrgQkMjyHGmQPfPQFqXyvKSMKeKpPd cFQzXVMLFwwlsIJHcwbxkFTKpsWbQIIfizRfHXuWqKUabdUMsQYGLLUoyiDzkRBFVDCnMARYAoqLlCtGwKNzXBlSSxLZmgbQEzWLEqBSuZOXSbxKEDSVdEsugxZjubthvfJRZOBlcagiyxlnBBSrZoLRdALQBiANOcKgUrVmdZQoBQhcCFxPHYlLOnPjMXuPtiGcHFyMdRRcYESmGPgujNMAadTmCCYpKLmmplDWmcLWKMG nfDAflUGuYjMF FHw,1949-06-07,Ellette.Ellette@yopmail.com,443,Father#123456
Helena,MgkBbGzbcSwIJuwnJXJhQRWdJIHwkkizfYigFTxEywgLTpDdOPCwzrRKTyZxZiKyljKpicAFoYqvzlHotVcCeKPoVpLlGRPrjGnxivAwizpZfSVWogexUkQDTNLoPGIlrYnQcxSwVfdFSiIXFfOQCnJmyfeYjlKqLfTxnHxWtZDmuilCzpFOrrOViVI qjMPUbetwlWBQRUUAqoFoESvkKVgLjmlrO iNUQBNbrYEKhiEYDcwNufSTjXQmfNuFKosxbFjyquejECCgCbWAkBzkVieALxlpSMdRLlLiXYIZzPvQSgfBypUEzSzdNDALzrBmAsPFrverfZNBzaxeKfWQQvqldEpBgvEFHpbTSOqDpMiTMvnYjKXumXvpypTlgrGbRHOWfLHYVWKSgsRhWtghZWRCRQgOnCNVqefWvMeCwQSfTaAxxpkdXZCVkg TZuEYSZJSyiacUPnnaBfyHiVISwCzMVzPzYYzuufnApzXjrDpInxnfVyCvSsbvUBrWXmMuWiwhzBHFMdGUp eOikEfKhGJxtMwhCtOZFXByVquvCyYelkwnswnhJElvVUkLh HOciRCjAqfVZKJnOCuDaEQPrQeEswvbSXJG ZPmSyBCZpC TRiMjayQamSDGrGlbcBzapkrjKDSxBIhL YZgCdTJeIzJPjdxxXkUmgATqYncF HQGYvRNDJBOpQdAizMBeBtg xxIWevXcbTkG  vWbJamwMlnRQmnlaOZBbWpJmTvTAoVImHlgIPVhTmFgCxHqDakaYyaomvGRMbISwCMKRlWeetQfrcjFXHqUWkSSFjrkkswHP wTDGL SqMzZMRsTOAMTQHqLiSmNIKxqRwskRvECxlQGAwCKDNSpodIenyoKKjbzbSVAVx ULBzNOjBheFllzpHVfocVZGZJkxwAzrVMPSyiecCgWBODpEshsgctcdzGXulgpOyXZopFWaQOVMUBhSxPbgI TPFKfRwnLppgjbsAkQXBYsfYGbMxDjdQTtDhzFRINhNbcbLolxIXHgIldSgbGeNgKMkMaJomzqEHAK paNKXErntOymNMjXbqcuvGuFNpvDKhJiUUfrSbuNRmRZrRKfIMrMOihnMPdtaLjbFdRkRvLRnAKHT ySmCvMCCGGYOCDAsoOSXXQubUtqOJM kICEMskuBnfBMmnDkwFSF NJGiRtgBqSAtMYzwWSRDELNoAnKkjsvqzfxWfeAodECkRjntjWepsXdXLbvZpPYOEaSmFLscmnDxDdkpOBquBJpcIzJCUXOnPBGdwOcxBHISJyfENvTPnGYwrSPUyoTSDxPXSZKDHKjvMtbXyqsjyodsqOCVOJEgcfjjbmixHpeQDnZxFJxKRiwJx btKQrMvZpwiJeZXBrFCIXRycPtMgGKFuQqfxFwAYrfyMAdyXLNlGupSHjJeAZeMqbPyBmKvo vGNppLBBCcrNikUAnKouIYpLrFzUiXIhELDBSnxjzDFNAIrMJzqxwTEZpqJfSHSQDrONxxlMMmZDVcZvBLsCdPoUzCkxjQgs znzZVnFiOjIKudfqTycjqiXcvlXrQynJDsLjZQKlkHWunGYIxYtTBTSEBrUVaHFWENjtcyOVjVloJBokzSZwenPnPZBUQJfaOtEoujZwBSTtBhJRWYNAoNUhEjpMBYXSGwDurzHkiDXgdhqLWrFOaPCbnggDSveVbOljBezcUFmCvgnwsHqUWfAnt vRlllTCIESSevexXHnEGlreBZKtFrzICAgwOyvlOAJEKbSz EEpdpBbABsrGauZTGJRJxJweFBERuwPglGSUQGnmcOqgvsAgleJLQzncXpszIugbDWOFYklQVQVPANe nVKKftRevn duIbQgUezzIToetMGOEtKqMmBjbGCaHqNHQ tNdzNBfbbFWspXvPBLpCNxvZhhtHuciwyoHIhlYaexHnCHuqOUosJtlOcNriIvpeadjRhaMtpfRnnS EsPvQZsQRZdAIJrrtZQdIyDCAEqCbMYXMpnSwilhbGeartHpIQgeukEmmUSovEdgRbnqloKSqlBndBGeafrAncVhtPGIwVRtoObBLqmpqaShvZtRPxipLiJtrj BNzMtgsZWBjunuJPmuqqHftZpbPVbBxHzFmLhLILCAUWjwevVjLXbqlLfpCphvHGru rwDjNDpoTjxTYHfzRNkXCWXNjVCejOlAySR IdbtHIlRHDBtCszJhGuguapImKPkVeZoeMWmPhsHgDVKmENawMop MmKleOUEgvHNZBGPxryGULjvDpZRMInsdyQCxIGjeZLpTbqUzFEklTZzgDdIXrrkqWUVZHXMJ MScFweNJ fvXkiKLfGCWzhetypUJWCWYSL vWkenzZJLzfRWiSqoMevnKWEvAOLTLOMEYRsVxj CgiaipDXvEcUstyrRAzfUjzyccCrmXNPjOyRbSRJrpTxWSAAh KGuzTiIUwgWNEGxRSdBmUQumeOLyQzTR pkkBfQlhJzECgEIRuiboRGjLJAOgpYKSplNZscyaqMJxWUDVVlqytbCLZYlhGImQkVPMgzmoTcavEhvXSHALCScJknFcqAZTlDbub DfNzntfufnZLTAycSiRpGlBnLgyRRjRWEVHHrJxBipAODHfSyYwSXgmiGpArtDFUpHclawJRTybPLZkUrmvPgOOFlWjiQlcbylpkCMquaPoAgp GWLbvgOOsNNvNoidXnWrVphHrCFaiuzbHQfxrVVHBIhqIolPgdY CLnigwofutJEvUChunkunHYUGkxiu GSTMiOplxzJuzreNgqIFnJwIXABiZHnLArBmlpDdFqDRBZlohdsyvpsgVTgVNNTwnmVYwUrDRbcTzrzDpmdzosGEIJAjpSHaKumShdqxOEmJCGnVHJaHnF CTUKFSJyFxeguqziKQBoBdBnEfpfbItaEuDKaHJUXOr gXmBpLgcIULmazAPv fIzqnwKnxLUGGSrqkROwYmisbZVyFVHqLjVnmcoooYTliFuKBcEniMbGfZgdyihYMrbevRoNDYaMpbWzzQoSttfQGrYMhZsquSWbghPPQSEMvQdSppxKSFdKFBQyZWFAKFDJIeMb UnjoXdYaAyoyuUHtyZdbtKlYknlOfoSNKAOWduIQtXDAKOyoUMhJgqjQOYgBjYiIguUoWsVzB XGZAYDxPvlr TpyTOjnyBKgGkBONmyVW irYfBQtFdBBwUpqDJydqITnMBQPMcBFSZvwSudEpWPvMgexsNKNknCDJJNSaafCXWu dcitRnlxlwLUhFzSqkJQfJhAugKovsmoSjFTjRhHYSIoGZpNmPjPIMNoUtQLqobnRHBpgbUAvZliddSIqXNCoxdhsuxhSYGboWtamEfHNXZxiDlLcPmtWfpKnfUi bCOAPkenpKCcPOhzXipiarOMJzsfORUjEvtBDoxdHmdKaxGkEzmgHjMHOtO,1979-02-20,Helena.Helena@yopmail.com,120,Father#123456
Sophia,XtAnmZOVDKXdWBFQjOthMnDSeQnwKTFGoioWUJUPR waGtJfHZdSKantjpgViQxvhuUEZUAuCiOswmuSFrkbyMZ kidbSiIBPjpeBwTEsRzCNykYeWbkxjtZUcI qSuMQQENloVFQFHFIWcWhHqxLyHiBCGnqzmHbUTDJ nYVnTwiHvOHVVcSjuYRigjJslMCGLiYQosS WcETnfFAfFFWHl nZmPlwMlQlXHTrfnwYSmOJVzxErkOAqQmhZOGyJKwfxzJfAbbmuKLVETWrrjhSGv oAurXwhikSWLDZFQsEbiQLoxXlCzFAJRYLPQWhuVolVsZ HTiqmZHOHgndZQNyeKsLnN HWLejfTcsZiC DPNDNiqPiVNqpCjqfeMznXrJq cAlDbTSswlUn QIvtiSVqhZoWwCTwfdCbRnaQclRCNYamSgNjOhEgwjghmFtjPQYkzFlRDhBxQViqbbClLxIirkxVKHMICTzoUK VefoXXZGRyiZTItBcpTDlQlnzL xXborOLcsfLPZSRJXGJhdmKcBnWAEpPDYKNMhOAprUezWbfAlmXNUjcPYbEZcujEiRUobtFRsSbweTOheuFfBLIe UU dihJCeXtAdvRNxIwHyCghoSxrGgObqUAayPWnXxvKcRClQHXIjPuIlhvBlhJZXtPrfPFnlTJECnSuqaNRIdIFzMBNptdDKCprxZsFctpvbdLlFrYUtgePuIhQtXSuJOOVnZLQnTgIYBbhFDkLOZSJwfbNGbUqxLbFTzjPUOFZkspvAJqCItAODINDfFtcdIfxMSxUrMHVPrNUraxIBhLhNmeOAYSmhcTdoJvRHMjpxTodXEYYWVYusDZjhoLVAQZVzUuIlbuLs KLgutDAhHepI HUkBZirEuKYTtifgsjdvADpzfuQuOlXWaObFnlbhEJwMSOVGeLenqxjmBzYwIHtQoOXdrreudVNRWA TYelYigPTjIXAImKEzyUgXvzjZONwZBNH gZuZGbMuD LUaOWGpCzWMmUbqsYkUoTJwruTxkcUteAqmvGBoQBZkVktJJlUBOKpHg sMYQmcAJlgaXyRXHxCWObgdEsTYOLYXVXoNLnBUsfgygHHdYIEqdKqgrTcJexjyQHROMXqgTOoFGdOYGiMmAJ lOsOpklLDpQDwKFHxxbeBFMzIkUIQXFLFBCNhLFfAhPirsglIhdBLQXZiQjSPiHFdPqeHDwdCuHLCYpywwvkXTSgPUBbEVnVjwTjAsmFABtMPUDShKSsXg giaBPNvpDxMndikxlsqOluCfTtSmNxLBVPfqkWifBteelzpwGLhStywQHKVsDtwadog KBLoYGVGZOtWXGsOgUDLISARRRtCMrTuOuZhimiTuzgnaZEdozWeFpDcjsGnMePPoeGm vbq Ia EMgjhbrRwYynpHQScaCgoMKupvTFBjwYazyppcaoEQFtBqJnnIdtGoRhfKTjPGTvifDDMhySWYfJyUzBQCsxbqLN BwBYTQ loLdWsagBy rqIcUJZSfqgkLqfReWKOt MzzxCjPhBasnVpmxcUOVQLlaGqquWkwdTCBISKMGqfpZTXhXVpodgVGuuWTQMqFxncvcRbxA wvKWLoFiPwWmvQELqPQlkOarHMXAMdbhObuFjjOnffHnpMjHgrbFxamomZEFQHSaUsmtrjVKDDfOfNCRVoQBCjVKkgBnPcZJuimTYI kLcfGdeJBNsKmrWwFTKWBzMjhHD PTbtAMGOQpQbNXtdGgMHsWUwnNwLjrrMTbKgnLCPJgewKFNAIvPtjNsmaLKjSQDqpJhjyhqAFcA YIDToJZgGnpTVPfdyRtVM NBqinwJFtsomRDrjGWmGpqUWPrzqzhGMeMtMKtyvclGNepyTqIbJ JgOMb DkdGldJFpcQtDZOfzaagmlHQuuGCWIElVVYozghvDGuhlBxrnavaQqTsMsGQxX QMSfYbDVQfgNCouUHLqQzFtb qQeKdysuJeX AVvFWkMlXswrylYXukwoIvE wDESzyELYnquUgZspCzRrTjieOzVpvHFEU WVMID AQmRkjGlNkDXPgVcNzibGdpjEAClfEGHeWRvksGdsGb skZUDlgEtl riDJCvz KkZynI JERrnsdnyzzPWUxrTaAhIosEnQXUDgZAfqNxeuzyeBIivITNuUGKNwHdtoXaESIyKwGqoQbvVLxkfmhANrEMScBnYgpIlFWyaOkoiDXBbJQnvFdcwDgoWyNdsKpBbgezsYOZOFPzW aCfGHyVdtKskSXPKkByoSaBGPPHasNUmvfK C MRBBLqRjs vqbmh llMBMyw afjTAyiGHfnkfjeXKNVxgbE RttLeEhuLOZexRhvMmILysffCtwPxSrXeXBMDZhogPOufSMpJhwnq sEaZDMKWzuYeBvATjxsXaRGoeuQujVLMLaSkByRiMhAeofpSVtlPSGKBaHatyuHtArbwVjSkroVcbQoJrTfLeOtGGfafmeXvkuGgXFYGMjOVrdAzocDDAchTBktXiWiC grffMIsTSnbgixlXaCtwOxbBhArCUMMGxDOWFvDH cXUQhAABgoQiGbVyX mFHhluFjFNrpXjjaUKQMRpkCptVCmtFNMfSPCmPYjVuvcKEFpnTAoBWSKcGhBHxYhbweDzqXhsSOQtwHgzdBSPQhhMRBrftzxQnZRWYgCavFVvWMqjrUrTIvNnFSCaxHHIUQWvfb e iVykQRMeCyPGPRGcjuiqqLkyRhqbRRCWpOIJdCZRCOMIYfcJcoEICoeiLhkRnpKXXoeepoohpEZCOZQTLKWKKNDYkrEPqcZHqiOkcIfVyyzDDRKXGsTvVYBdbamqjRSRvcxcGvNWXEnMlKxEYfdDzwooZCgsqsZKVh XvUArAplPsuLYBPKfEjahGBFesnOQLtjMJFRjW HCeE iutDdHlKxbAvempBxyqSAVvlvycQtSGsnRfRkJfeJhmWzMsUhVZRDwzXtUInVyPybtXHBzPFCSPlSVUjXZpCReMTGNpTNfvIREnzeDtJMwRwecuwvINCgcpvAGjHmcLViINdxbSsYAyQHYhUTOLxoigAAlKaTDFxFsM Sasxeu MTjQoVMTcVYQxOWvUBTlLypgHkYclgdG WiRctmEsaPMEZvUZzIMFRb NRckmivJlLvMrwQnGsTcVPLhguNOsWlVnPdoZxchuNJfGWxHkSydk eCtPKsDeXDWpXfXtZMhVElbLUDS mWgPRPyxELPiQUgtITzfHA cTGDAxozaYoZNXRfFGLEvxvTnDCoaXBmLrySLLLEihiYnPKxmeHXBdpjrlsJrMKtZmnRpZqShrdHWLVEfVglfTMlezrJLBMcnFViWwerSqtoyWRmhrGpOLYDOl YcjAQmvOeJjmLFQRvNoaRKoBPRepucgHY ScPUUzIaPiglXlazGOLeHoTdjOnquyvlhhGTmOTAyafkcMHiXxMtmEKwcLerMytyciGpmIcyUhzWszATXGhoLVDTDmykfNSpDypjoHTx UWLJIEzAUCDlartQojhNBicZdrzpnBzqExAvjUAiHvGWkuUpQshhilGIBDopivNFAOvVGVQfJNGBIYFcdrelurEDJAmvEEmSDClv xUhzVGYDjUFGOvhmDflLdSddClKmRPtWdsxUAOSqWlFOjpeaJbqjNsLEElGiYDIltz yYvPhYzgvoiIDqpBLiKd CKfQoVMWuCWMEjQQmCBzUPAyxOmwlAZXOSSI KUxHJlfkLaldfFjleZDrMQnLxsdgWJlUmiMX mqMPezPnkhzJ ps LE uxXAabgK LePnpcRvChKnkDUQIlRIMWqbRuxgXlspUxIVzqTrQmVWWsZfGQLmCEwKShvktebxx sWePEAxtvGOaHmCAJhshrd PXASDSdGvgtNkGJUazapirOQRpiLrFOW HTngZcAtUOlQjVrfUzwTeGMquCxjQKqRxJTSbJBmPqjiVefhWionposCycwauChggAQwotwVwmVLVZSizkBhOosDipsFtzjUZHtNodYZcY qOfGLFVDGjpkirnycNbyWLEEUrICwGVBqOnrsJRVSJQeutQYJisFpHDEFimyMrvuoUovjRTsJlhOIhtJwCGdOHcEDEqGiJonPJBdbHBqE lHTnGOyDoAxZr mhZBv qwTjPMIGMmfGwFfKEjAiFzIfmubPZDQUpINlsALOogFMUcPoO SOgvtINxFuayilbQKjyCAbSErqCV JhtwEDFyRoyCyLvW udnIiOHegaRHYXRjvGviiAqwwppfTXGxhv DnbQXqxrX jRyOLVbPXPoZahgXpSGHWMtBndEavRGlCnwtQsPoFNJbncXNuJNcxoaAdvfIkmGCnnpAsXHdNaJGeMVKgSYVJoTYHDCnMszFWrDuZQTDhFog neWJjiTVsTyTDEHZUuWeCygQAiEPxhJDtcJxXRZZvVyMGdQciDTTaJ vJHsE NRPnrGz ydSQRYddIOgTJvZShhjJRYtIzpnTYMWcheQBDAjKEcHNHcupuNixsjMrvzFTsIDPKqG uremWpxLUUmpkbJhnBdDovpzvMVbTXrdzFstPeMcjgBUA,1937-03-09,Sophia.Sophia@yopmail.com,764,Father#123456
Belinda,wZUdDqFVYvDGSrtPPnwp sSyuWCprhkxkvTScWEHuITBa rkwlxbKqti ZfVMrhxlOMOJBRGJWWPpBmiBdqXknwbrXlXpLwYndgQQQlWhOZWCEfxQQYuKEBjYbcwHWIUjo MsCWfnwdLUYTFnglqKhUhiQhAyeTgHZaG xvZPXONsalBYHQRQNrPadpq NpZOQrxvOMlptsvdXtQsHwHXxHygpQFrLlaMMnwsbqiTxDkRzvOENeDFUw pFnyrfkcWvKkqBhXiUiwfIuQxmORnDhqVktSkx qjCddZiENjowshcKybqWAXsioGXFjjPelEdhEOxHMHOKVqUhwirt DarUDvxFbBpzFTikDxlSVuIPwtfiDtUxqeMM Kk EzqXPquuNJErUPLqXBsuDnur XBhuyKpqOpWxiFyLvZokwZPCiCxCSRsRJTztJdbFwCIjp dLOrRPNVLqVvailkWHezdIbLPPIspPgPMrdiEQzJjUywLiZlQlvAJmxtWzSHnwAWeyhuLDKGPqmlIjuSQCokJuhIBRdffxanqmlLPxMRfBVJcxVCPEwrTEgizfYdzjQpZbnIjcpIpvHXpsvXBQwDTxgnWHRfm xMaRDSwMtkyeRjOMnUtlyusLkfAjhoyzxJhLSxhYqOnjPEUueURFsZBKcpmUlFBcTkssgWiTkCmHkBA EvLnhkWDG fuxB TbwsByVkgQclZawoUdhQiIpvol ORhexjUBJVXHVhCtuYptzrubQKOlzIWIcCwOurhulPiUclvhYWCsPHFmytMFyikqNNrYS OTnqnaZZxkZsWabauqbBCHNGmSahIwAbpEikKloywiTAraPlbkbwGrDorWfuc ILZFPSzqzweZzQUoqwEKDEUugHBKNjwrGYwqJfDdQswrHjLMMxvunYYieXLmTLiRiHqQaUiyZhqkhZpAAiEqKZFCnPXjhsvfNNMxlvlzznknfen ZanjLnigTUaNaqziMnamt xXOAfVVZcOuOkwguDdfHGZ ejpxSJHrCaOUgmohaYpEehvEkKnIInYnRuqqpksUqAbfOzlAFx ExXmWnENup LFiNqgaqcUTdsLzVjqZxcmSuFCZohzyQtgx oilUMxuYhGsDwTIkooagRdMJrAwVXLZaS VWiRywXZdgHHTKUgmGkOJMFCZEVctvdVcucFwaMnifCOGvMyqf xlYADvSlwUxsJRYTuNfYnjvSnGWgGgSsvzTJpBNlEbQskbUPrlsBIYTJRrHJpvM zXEuJSPBITfiSDYLNMgaAiArCcYlLaVbxHvCoStviJbPNrMCDZIYmGVZYuxOupWGpuNuedQwAcmtYIwFUwTLHbIlOpGvPatMoSKKGGNvuW RpYFQIqMiixHfIxdruGfrQRacyacViTorBEdgtjZDKGYdDoKWnKENqtjpBvp sxYiPeVIJUMIufZLLJM TxYhnlkCBvzfbMzZSFOPUmbJrrDFSkgBPbJWkmVMoAZ UeGUQrWrhNMCzaJKLSDIexaBUqcKoqlpYhORjYycOFRbqDgyUPnuBjgamgUWgGrnRAHZBlpMvjpVYsZsZEYshnGRFjzKcguxvCwBiRTuKhKiQBFIRlRUGRsZKxMqbqRAtEvHOKjGlRqxBzdqlqyYJKKztEgNyloLwujxbQVbRUDyrbZjizgRFMLlVWtgfoDIxGTTSpmbeXrNKETQwOzdQxVGIjqlCqSCBStaorzyBBw QsoLUAFxNqnPGryhkcin uAvbmuAqcF XCENvShhBMqcYdpXYtpQE FiYeKpRyqLgZDtwIbxOcDvPkyRstxSXQrdKJROiVVLvJQwuiapgddEhpkmIjJnkGQMDyFQveNdvpRLmrDbuotwjYhyUXnVxrmhwbCvng tZMgfmvoeTQaKqrhtrYtoJEaLxzKlZaXmjovEGFkcjcQxEaHxuDyMpXtocQcVtPaFMhssTjqjjFMFBhuPjyaGQbWpivdfKVIXBRCauLnOTrFKwKnwCuJoGtUjXHGumaY TUfvSLMURJQqkkkg xPmQ HEncJtcxIxaDiRXME VidZPILgpUDcpJdAEkzGajhiphwbznIpgTECQEZqGrNFuIbheDHEjlOImDpRMjnKNzTmSNOxFL fDvgjNMyDprAbTVkjP LYPKMkKXvXHoiFYztUhGrpftGxjdQrJTMCWDFcibGSdhWQyunquQZaBEaKGUhTALkCAyxMhCLIiBXXOQJFdQYTJNDvbuISkvRKcSpDCjTTQIDJqKa  bKBHsGuoSvIfvnDzrzOkRFblJZZdtqefVHLIgbFQJsbPvXXCYSILobejbBtmLnLMXQXvdJqXOBLZySNGigOtxAbdAywIwXY LUoqcfQqLbbbdcMvHOsNghrODMURtstTaEmUpeBgDNAikGYKBVEtMyojLYsjYWFaIOefsADrniSRAIGQgPJnIzwOkmCBqPINpYZHkSZbpVsREbCOBUnQAuNnPNEiHDCriPzruOJBYZzIptlZrCPnFhYhvMHfKMwPpISczy EBwzKKJZDCqXCxBXCxilYlTioUUbCvEQcKLXngSwDOvmgoSaZLUmOOZ dYgzeLMlsuVsDmQkiVPndhJHyqyALYSVnkSzfbkMJz PMUcMr KaiuIDpaX JQZrWNEjjKoBkINMgSsSuItfNV ZXGrQNrLgkVbpVuvGtvCrlSsEidmhBlbRLVRnryrHkzlvxwhoEFPgnqGcfzyTDGnDCanyO MjBZR PXxoZrphREHwlXGXmzOojUWYxIVqvJAugzVYUICpyjBpqDaTCyxLnxSeYWdrcXhgSOHigayeZJOnehaPywIcrfAHVsvqJbsYFYFZkSAVYXaCdgWGSOEOyZLSfFZcBlaHjfoeFnyzpxaBuJHOUgWpcjNyqpkoKmBTzOVFpdwXW gbyKBI Atz IUHSgTRTVfQsVHqRaaTzWfITJziXXQmFxIudRSuqVMzXVtWMPJWxKAbnlbOpPqVLmfyNQgLwjJlhXLKjnifciehEQxUZxsUzslPHWCggTpnRQxMdTZdNRwvZAIsZBniwSIDausddLwmiJlrlRUbMsoB kjObFoIzDqwXHXZywHqLTsmrTAMGoMpWmZIkwdsswJWrMFlnbuPeEfLmoY zYuxihMuUpeGFMxWggWVaGWAItoSmadSPYgoaeLsWcwxZoHeLUjvCVThLQttikOWlqEUYfBMafYrDnBUNvuzyeCBlrYxWoDpUcUZYQv ULlMunfxuQFtnSAisxjdDHburvZgAMxEySttNjcSGkUXbFHhPuKbQBmPojqvuAArOkIwzYSptFpgplpAslNXxZ yrmow qKnxZSJCuFWPVMznEJhDlA eLFaudwuuANIRGCxLetZVYXkEvPouJGZUArvUse WYxUyhrRCqlKpLoIwMJzeimkycIJOjiOWypqjisHhvCEKrkmMcMYe kyylYPTZbiHwjMdOInjNUBlhRHPzHFUBmuLHuZYsTpdChpIGCMZiyJhongzCaYHUWdqcAkxUBuP MXEHPXtxtMEqwF GiHEJGyZSgAAYDyaHN xdXfhGlJndPKAItDTTRWUhiYVzo cqleLMWxuhYpLjSrPIaKHRikdvxAjfngwvEThFvbPvLhDXEXRmvrKvrMvaoAMaLGnLZjniLniKmyHIqYLRqwWjFDeMmUswNfGvsKQIggyQYVauZCWYFosBXlQFGyBG AcKdLWXrWTwQJzeqqSB DbnzEipjlWrn nAWEsNQSj NSRHtSVTjejbSkNmU YnNam IpjOo esmZnUAH BfYiMMZkvz qwIWljdKdrBqcdlKEpkhFvgW ikzgvAwvbLW thvhuCdAgaDgIZBxvTOKGjGauNgaisJmQQVQztcvbYplqNBKodEZQBoMSodsYWtPoeUPyGnqJuTrggcDgAFnmXgYDrArmlIahTqrcYxJnoNpmioizDbYfbFXD qicaiucABEDdHLpYMgTKLevDyYTfHvlmcerEfjeapOJSoVqRypeVwAbqtyHlbnDZZzgrGLhjZjUlCPXPQkNDYjOldVJHYQZgvLIuxlgUQmNs hHKZAfxwMPhVoAhaQTa svjGvSZDbrRwZHVUPIzAhdun hRqGeaFDQbeCMZVTSsQQtkSZC mqktQUvF grokEfjroPzWMASotbYplDdGpCLuXG GAbqPBucJthltaSPRxXSEBchPYyguIjiygFJMWSZOWPgqRkRxAMQkvmpgQnElusmKBKcnLgPNGuBeSbAehWXFAJSSMqKHQLmMHYCcCcgvTQAnDvmrUmRlJwSHhNeQoxcubYxfQoskstaUxvTXKh oFRWHyTKslEDFawNLhzqjtUK RqzSHPiZaaaRMRljwxQapzwHHAuWXOXvXKXuziElcakkaeXBJSBRasPeudff oMHaTopxKRDUbswQRvcvnpntDPIvpfHPjrcTTjMqKEHpyvtvu ltdoThEbqzAXqBuCPeuXSJyZMJuzi,2010-11-15,Belinda.Belinda@yopmail.com,55,Father#123456
Tiffie,NPyMJslcwmzPotvjhfajekYsc ljJwaVtVifMvSEamvLXjYVcYWxrZkWqHqnCzywiSjrPbCkjuVezXmETiHuTq pzSh lIshAC IAQZeMWMEtnuqTHrFLTobsxZLwDasDgfHhgwSwHBrfYFYOqtonWfNsETpvOIAsQAVBMEQTkurFLC QTqwgjohUDpqZGgpIsmtRGCdRqZhIKccHPZZddxrsTnGRyjBKhowvYWAGAUVxodFUn qRQmvApHwPBxeGtKVUzVjFSYAL NWYyTdSeMkGWSIRcecwmJiUtejhrYgcJVjLiCuFmfsbQgvyizcWEhyKGiFbGUDTbqeMoBjPaMZKomfMLaSHrwY FsjAtDdOp  fZbWycrWVo aZWOWhXAoh PjLvCqNbeHqm COHSqkPokBjyBbTJDXYXxnlxhiQxDuDZLqeSJNtSGKPCZNeWVpDAqjudzmogYrGMDEOiDnQnozhbjTrJXmoydQhUSiQX fxleZhOZOBdDJrHLofHY iOo cqYkDagaSnsZLGrhZpYVRsuRDoScpLHWCWRGrwAIYaaRENPFqrGSnuApbSbtgpCyOpumuHpwtzapgLtDFyaHzcZxkdLPcapmGrjWoIKFgWPxIfVjQBqLbHmwNdgaczhrYewdFiRmGDEDJvauLEoBqzzabMcoszIMSf xNxHjGPnybIilcHJLkmhDkJxoifE tRwSqJoTLLdZRvwonZXKXvRAtzFspejKPBfsDHfNWIyeLHIVnddOwphxkFiJZWTfwidwg ONYKFKporRgoLDnHvwNqUFvzlVJYcJVOSSsmKGMVb gpZipDUuDgXsVdqjeUbaBwIEFTcoxbIOuNZWuFznHozDmKtLQqWOWvZXfwE KWZfdhVWHTXrIZsglAPSTJPKggcrbcLTDhfzKeOEeMnmhxvecZRzPkYzQ fBGvLHytQNvWYNjfnoQXEYbDbojSjM Hdjm KtGypEJbZlJiIRgwuHmoHWlROgTOXblZNDzLtYXkGxrPqPeVVqCXfuTcKxXexwHvCduiQMOIcsVlNcaXcQnvxoFwFZjDRKPLaGd G frqbajdIWrottbXAwJO aPxhHmbuASQOophZauPbrYuuayPfnNGoYcrwpYudvJxkC MMqCTCLMKAoGjlpcgmMHeuDhsyTUuQugEpiEWXaMPHrydFUMEvCJaVzIDMPSRfXPkkpGQYEwAXLMhbgshhG IjSUjERfmBnGOcSjkKgPodTXpDpurWAQcSiEefjGbKzQYsuqkgyacfwrRZVApymBKaJDfyUMvIYSelrNFLstaCutAYJXwiPkZLeyVGDhpQNBLjtgJoQQnGfUtHstTTcUH IOMRbijRQJyonYcHlxcyFYSaSDYzhMxSfDCVNBgdMBAncUHZkFUVJSfgJuTJEaYWwrnzVKfXRvUUGQbEJovUwCuCAbbk tYbBUaYqOkABUukCzpL HMEBXUOYQWoNyrerKEeeOmmfkimuIJrIsx xyritWEPRyQWPEwvlkyNfUznGCFFRkeXkGTNBOfqnlRiEVoFAGUzcJinPdPVBdIBjCAUotjBjFjqgsnsInINxhgQCknLTtyrJmGvGhnWnwGPDCkRcyrCVaUQJswRHkyAGNGAcNILWNDZHkotiuJPCuwTbPXcmDBdHrTinDvovfenJakaXbPyuWXeiaJvXWJDivArddWOagzJbNutOVZRhiOdQIuzOknPFPEJZgTfHWKvkeZbEeeoDWuvzgoPRsvoExNHzRUtnRRnfHsTkrsaeNEhfiJfowTMzFulWEFDQhNPZDtupsEjxNfDbbqIdYRJTbQYmnkWLMzBcMhEiuEEvEaqJHFDekXcqsVBDENNFCcxYowOBuEDrJ xM vJJEvWZvwPDsFogeUrHuRKUIzgtIUhaQjIefoGKUpcXrzLkHKflAaITqdlzwzpEGpWNUcIqMKfNAWHscGcrrNgFnpNQpoxCXhMNHPsXbrHdTBqhqhOwDBqaBqzPGAQYqkBsV HSrmyvTAHQdGmEtqTB KayqcHfQiTXRhiGSWzXFxc ApedqzPFVXfowBMjg tCENxJOsC XTlDiPlyhqXLKCBmf SxiaQoFKm TqOcfMCDSaY,1955-03-15,Tiffie.Tiffie@yopmail.com,933,Father#123456
Ekaterina,BvaNnbRNadouRSBCmjSmshMKpcira zZfZAZBXLMcobkbrqigRsXamKBIZKkffHJSdpYRcTPyzXEnUIKCwrHIecKapOMQtfViHdVDEq epJXGNVuWCcBwCGzVPA KsvDmYJskmyBulAjmgjgNdNGdgrzvtXYTA BIhZfsNwKcKhyZCrxfVVkcQPBhyGczpGGbFNWUWrhYZiSTtkfqIQbaTwSuKThdgnBuGfDcDejrgjCouqNGBVUCoddVwHlXSPLzDBKVaJtezxymxDhYKTMtMwdN uZcJmPzflvzSHzvBYZJlaQPgkbaOEufWlcHhriYuSFrDzjpgrdOFnpsUaptfOwNxTDfQtsFbxlpcpyOnNuab  FQVht ArQYsilVBhPQhxsXYPWPMDPxHzywEcshZqxGncpYusZvjgREfeOuYgumShKFLmDlxUSCsDMOcXTpynkmhTMqsGtoJAsiYxJyfiVEmHOdCGgzlJO m BELLW vfnHLAyZPNgHnRsBntepcUNcmaszVskepEbZpUMTGbiCSYpedpILwTVoclEFSHMePnXTjPTcftCfs mnKzDIODRYfyUCVMNiBHs UyHCRusUXhkwcGrKj bZtlyBZXexgOrtGTHPAPVZqycqJBqmwNUSxRJZvsBUytpyQBEKFZIWGRPyMHyJvEOVJchbshYgnrHvTAlxw bsPGQhXmsWoxrNeuARINbIpEfpCkAJdSojYIunuxGTylHvkGwlzvAxyRWDlFHWUYhSZWlXkfPCsoXzbtbyQRimqHUYEDfH LIICRpqSP  MnLDgANPBNMDBUObmUEYPrjv FGwcWzDMnWHSDdgMnCUSJGySlFOGrRSWEGlLERvSSECZFSSTNFSwxlGXFfqxGRMGWoUSfgtqjMSChqOWzCvf Q WEhOVWZOVxnkmYLIHVmgsZrRkKSrugSUzxNhINSTIqDBNpzXyqro KJXsCdnmErYflkGcJSLVCCDziNPjeWoExxvUTTodSFEEwbLTyLotIzhDNjezoeCgZpGQBBrYRKwpgKAtGhHxiNpWrENkMuysxmhWuiOXeuKNaorBVwfRsLWWJxvudirOONX hfuFpFNSBgVdbAWuqrvveIbJAJOOdxHVhbhJDxiHpbyDXIDCtEudQnQaapYHfmtrAkPRHvYhrwhzwDcduEVBNkKsVgYGxkXAcSmVHALjaYWR PqVUaIrtzgKynmfUntyeL kyeHQcdkxAHlsgpRoWxVOXDwrheOPomsbwhuvBZxWbOcRlBTLvzIilwawgmIzM HofjLRNUuNKAecZuuGybfqZoXWOozbRhjbGyMfNyNoKBobBqsKiXCyVpVCvX DIsoPqZ YTPdxJIaIQ RaZdhHAftEeYeAHpnOxRWlFhHjiREPYTrdOhBOgSVEIRdjqtmVsBcxLIxSBNZAQTZtxEQpmjvNRiRuAqZLIDgYtwpCcdGGIHibbvYBiPYJGkuHpqrHCCONAssjUGOywBTlrqNpYVKZwCAHbHUtjtefUfbUKxpTleUxZgdmK IVcxzQeHXP fY QBvPAJqMvzqod  OuCxFaPuyYEFbSoegEJEWaWtRnggtRuUffkWRpbJKpxiInzrmFbrAYdlrOPuEYwf RuvtfeLQiT hLNoVOePmGNGdYgAuN DBpBRijrwRLnFMZFKpkZmbAxfroYmbDe  yDuESSWOUNRSjXjdlFRgNOsLnYUvHbqOokR TUVNCaATIbHZIwoNNx BhTCrOWFzKEKJzKHedcYrQHVMllwEUS oeJCnhWmKSWjTHVinliKrvkvIhziVcBluOcbPqXLBtGTHAChpihVKYZWKbUayTXesZoUbFlPZCuBjBaZXQwzOKACptHopBeHGZvhweRuEsCdlqyRbgHvUbmFWRaTCZwcZGIZMDZIKFkWzAzGDxCurdSNMsEyjSWZwNwQMgMpPKBTpMsWwBgoTjBpWQMuwxcJyeiQVWcGqbMfilIGLfGRKHUcZxfpWyuiFokfrbGtSwvlfsgNHbNCyPjUEYVvxGhcwNPecNKXBtyZXiGWPzoEPOdFHbdcBbSrITqIDnrvKsIVuwSnMNwiVZTaQW Ng MCwpUJlqbmVxZEetchaDUlMxiaFQXhkhBoxXEecZpPWankAhpirwZuaFGaIojvkYXAtiZBzlOfhTERdvyfkXVjvQbFQVqdkjMBPhXBIwwNLYQTJ USOyDXWFzOgFagaevRjcNSjQaJKyRYMDHAmmINBGasRPQSbWzLuYhduIhvHzopcfgtoHNUHcdId qkbDCFaJtLpeJgMxzkIRmFzSdnMhWfVWacUldms FKqsFcLWvTwSXqajITaBwkBITNMVPCGlLvTJSgtxXFQrOgokAAstKOwnSreC BzzLEXlchbnd cueLJOKKGFVROyyXYwHX PNmFoAywzF nSVXPSEsVO hj LLSvoEExVxKvZzszmZCENP azpDRAJytcrcXFLtJhosJXqoWyJxTobWsVIqKGrfnuLkV MfVZrSQKWywXQvvYXjCUemEYKmrvMYINgXXkATDeqpkdZsQCjtxJcUOQePOCiFlAqQMlZQoonJAZGBgsCEvEVLnlkPfMtZhmXrKbqMOgHtJUwetB DIeJnwi,1987-11-25,Ekaterina.Ekaterina@yopmail.com,263,Father#123456
Charlena,WLyXqxvtMWtlQvPvxHzZmoWxipPZvlVjvFfKzkBIyysugfvqPmlDJWilkykzDFhvWqbtcdmNSQjMjOHdbCgCJMuZooTsmUCkVjXZauWmhIYcVInVCvKpjYEQLOdQ KahzhOFCHhipDIPOByFzlmUjNRclUThkANqyYXGogRjWZrEhDZPYIjVvbkYXNupyVGvEJiBodgFiWxySfVxhcOiZGycDvUxBHQAcZuEFyMnaqVFWAJfZUkXYlkLn lXwPerUdVnjigASLKMS JuHzbYvNIrmPYmnhqjcMBvFrDTcjTzjMJPHXUdRfTMZwazGCCrRfrBfTbEtggFqlIkDtuXwRHICCBwmGCkRASFXnQWYAJWwIiRzrMvyCvQMIYpiOuXkTDQtkEG cZMBGXTJxiylvyyNOdtnvkkmhdxJytxYbfyXuOrGQuGhccDqaokbjhXayGmKDGZEqzLlthJqWzcOLlUpKVoOhxfLLhyMuW NLXBuFZdkyGOAHaxjrwz LiAYIzTKJqkYwVopVRcTvPcSsbhDnrn qsvpwcztqMTcaQkbLVdGrbrCON LYcJKTVcygccePBIAOOSwOwCaWQxEyEYeZuACzAkbmKXcjpoXAfCRSilZfMOGDRjPvKmWWuXjvbHeEDHLVsmrZgJtJEwusLHXmeqogqlMfXBVlyVXkJTImsVXiEKZzonevxfgT KimzPOMPXjPNdxHWIxYevoUMkazNofFhiiBkNtpiBWYSDzNkYsKNjXXjHcsYDpjVlxjJbfUppIeAzKb lrkjgMOqUXfdsJkVWiZsKbPQApzNAdGWJpnydfwAFs IuTwTeEjudALbfdRhI mRefyPPIrDMIDgIVUXxruYcrYVxXpmMfgvRHlY VwtfkuvEdCYnxpUfLamSfLFxKtnIApSLJRUKIB wNwISWMmFjSIIA zqsQto MtAwBZCKLBwoHPDAwtLhNXWtLeDeoHeeRNGy veJuvohqheYELgpNUrtqIJPcRzzRpnwixPRrfqgXtbIPe MhousfPxvUWT rimRFYzjlotLlUrzqldfbG MyenMzezyweI uz tSkgXaGyihisRWWYq CxXOsqaboiNVMRxSvZnqspXIlFkQvCiGRmoYJfAuDVusVrGedoLfkWczSttefssxYmbAEXrsYeOagHTSWZgMCUhxArIviJFKOcgPKYBbyor qhUuvRYqUVuCgxzkLJiDWVCqgWYdJqOcQXZryarjhFS ojPmEVdXSOzJIsDOqFlmlBtmWaLBIgdqLmXDoxygMeHFmPbTlFaehhbdxnEanFqBRFBitmUZNVCsWYuvOfUZehWHCguyYIFZjLVjLLBgYOUQCuwvffEeMymrQSXVozxCDjAESZePQpSzIQnpJoUHTFsNVUjLOvuj MVwQHpTUIIcQhjuvZTQtcYkERhafylCcpwOtwWARwYdVpcJSbgFUQstuLzUYkBlTGFbZOtRhqwNhpzMIgQnAZFeLOVtICrWflCvyAbeFXyWdnolTIkYRHLLaQkauyblcQFHVOcUEdnCDAnqUXbPnWytAieLgpSLoryTno YXhhLOXgBSxnEztGkMrPKPunlMVRWbiYswQcFFIADxguqTnKlVuZxoREDSOjYlA DWlQLkW imTiygeOGHlCEppYWBNpanZXKLAKCGkQMWcLougvwSLmeBkNqlle NodUBublRiILYSamNXOskcOTTPQXlzHZnopRsDmmGNmgEDXoKvfamtSKdmIiYGDRZmWDNzmjmTqMSGqwAKkCBOUrhJdK mTNImNGLjMDesauSyROcvzjuWUJckzPgzybBkbNYoTNRIvgKTlJgAflRDUEnYWqgLLpvvDVRnabCGJTFitniEsPndDmLxpyyRlpjtjDfkApJBL O dSQUkkbZzDIKedXaqSJhzjZMINiWxeWObRTQzZArtoUebFZjGFZySnimGPqkChITvQZSmJJRlHlXZgUIJwyqHvsdLXp kJzbNEPTctTCGQGZspolUBhKHRIEFqYXCtbRHKpCAelqPSLpMrkBtUsAjftsfaCJNuOuKoVkJbFNOfiROgZgpFNfouEeupxWlcJaLayjehLlZftKUphKtrIPXfdLLrEMtvtFTApxDSWeoAqWJARuzUSOKJjgNqGJYAxfkJIrnDEfRAvatjHmFCcmVQkzpvVXmyaurjZGbIHAIjIzQhowGVeXquAvjwREIDWeoqPIzbPSEgosyw uvCFgFRyfglvYqxVAivPBdDYtDYdtMWZnyWvJHRELrTCWNnqEkEmWYgRmpGWqPjdyslkj ILoOmQWreYbqOzjNxjNIGvnXssujSpXuhmXPhEtMjvzetKbEgmiZvlh EmSYoVJywCkzMCYGyIaKnqaYTsQVyzOEmZBqoYEWEVtpsSckqJ oLuJypTVSPTyZuXxdovNJdFudPtbEGlmQgMJOpgfOyJVZfOcMlTfUdgKVGrjzNNBfbGnooOJyoNselVJeehVKGBlbEVxDTTMamKAwdhApDbzsCHHdYhkOUTnxPhBbhWwdfIDJWHHaFmnxDFZAlgPFOmgxJNdvVdpytcXKtzmzDGdKEiLsKwRrdGvxCSZKfCUZAZaaBcFVGTMMYrtXDJZnxRDWeAxUjIkPLnvBtcAOdGtPPzpxJWxBFNcJZeRsHnIPsJL FalKQPNbpvmeqR tBgfIKy CindaGpmtGNqRmhRuUVGYAyULFqAJkwnSEjkEPCtWdkOtwnIoWazFkCZrNZErMYxHbCFSuLMNENUwRAngBYEkVEkOcuSREFTklyKLZquayqTmVnmnrUtbFfTJzTKwKkVEXkJVVXHmseAlejwyEuGHrhZwdoITAiQVZBjogSMnaTfGoiaNVjzaVQEPyrNHvfQsbhneSQXyzrNJaTPQVjwcQNITnqtfmHaPhSyrCGsFDBFpbNATxGEjIEsiBSCirbWemEZRgvceNeAJxZWZDSubQPFOZiMpNjDpjoK XQZbcGlssVdvegBnSRbIgoxfrWsnXWejpQuHZRlqqNNsfPxIJTXoWuJUuBCdOULsfguRLbaUXw  leOFkBVigVgIEOOomFKXwhfickcdfXLfiHQoZhmPQRpejBRkBejMlAVApmwXOrkZrpITKhSfeNfk OXEUdrueXMbyGJQnZeSCoiuYnveaQ YSIqANugIkntwQngzGgZdtsonZaSYnOI bsTNAeueBWHwQKulMIwXjNnAUTbDNnDWWKDve iXXydBJQxwescxVmjuzcsMNxoLWyOpFxDbsKhSCYHDgTptYhWwCRNgKqKwOhNulMrAdAtQsZiiBMljqAiJPYsDuirmVuRNZQug ARzOOi iDaPBCIVYTYiTcSrQDrhibUjYEUvhZPZOFpyJJxWpZJgJeeaxPSsuycuxSYodhiep GhtwhNAQeCGiJkSVZtNmxSPGMLzNdUJYFCpKNLWRpMjcfGFPKMCdinCcNPaEUTKTR bHEMImpWhUyELkSZDSsPTzQDnKHYoMyDefGFFsTmdTYGCraRrEOxoOavsjXiLPgWCBdzcqiM bYb VdinsnFglrFueYpvEmCxSLVdXWmHJO zBwmmpulEioUSoxRvpOUOOhsJlLxSXJkLTtnAcymrO lLuocNbacr ICFzQzcHZhjzjtptULdOQfxHibizyIMIRudtCbDPpbsSDcBUgnjCKMhrdlwunKPLzPgZuSqvhucwYnVVRFC dAZWkN,2009-11-03,Charlena.Charlena@yopmail.com,989,Father#123456
Alisha,DRlthXsbB nsABqrEcKCBNhOJoVUcg  rQYquaPobIhiJfUqnDHbHWSkGnJFrncABmoCTRZWIrlVGzUgJKsThjOnOKOcpGvOBUJAadlsfQqautCZDytJpjTLuBdEkqnXHEbxHfnbqQH D uPjLxvHmQOqCvtpPKtzYtXlwZDN pLlSPhKxWwZ tpXwmJxWgIdyOAkvoqIvZK CCWSndVynpBOjDpYMkwzIZwRNJKYYMrXoLcUbwiWacUfjQ PmevzpozMeDauhxtgnPOZggqkXdJNICePrnyxiSURAymhbZVLbkmYZLGYzF wetnSntoQhBlOywZIZoRiuvFwqcawz mpqCPOtn VJUiPWbvpyEoBnPcIqEYa RocixeBhIY UqUuAeHwcqYLjZMYSJrkQGPRWTBRFCGrtRrgWJDVqCmABLA OzIaDPhrDvGyhOGEEegoVOcwOcxwT TEhYkBSoFNosXiIYFdrLDo vNSzKAlfXqSOnOYPmgsBznxUOqENTrejtByvHAvugpZQCugYsSMgEWDykZfXmXqOdnPbRuqVqLpuuKRkNsyFsvRdyxoF JhQkFSeCJQKmlAZOZUvJXiRK ZLGLPbmIHJiyRoNhJMLQcXUgZGwTAUjbMIYLrZhBsPaYerJuKgNpFdkRiRD WhoILKozLDnFgsHoQLfAjhXmsiLZ w cIFCKlGlMDnyNulUMEdXdUsnfRrIthwkpoRqnMrKPAaanHsBuvcVADpRQoCsCLxnMOjyzmgxPNxpcIEokWgAtUKowJxVCeHpqfykBOAYcMwgpohETmeOteCIHRYHbdOUUETpBrbYdZTe  YUBznSbWxaYPcCmxpDpcdVAVxcFFGSGVWUtfSHlkYFgUsIRRDtfZeGHrKqMZszgvmHBaKM ssFiWvyRBcEWeJbOMnwmllkQLhIOVx oQgKQRwpKmLNbOmawXsTAAnfNLpSmFjf ZSfLWVqhEmTLsYUlviIBhHzCaSMOVVWLBkYCJkiAZuImZoFEcXGSXyPeJTlALKzNVcBWXMKIagwlZvxGWOdUvrKmIJEhPtCEnUpukyJvZbTJppoyIjuCHHJKmgBCO qPHqkTqsxo TwoNWGlHVkBpXYWXeUnDWUxrCowajuRPzn BHuOgoRN PFPQHFJsxlERKrsoLfix jcclQXXGQmUwKSu dnABRULL WvvFxyeUXvQaQJoCxWqXrqIphzdxqEfQwEWLDDgbfsZoLwXoFYQlXPqvPbWEsMAPRxJpTDNBdRKvIwdGrhTsDaKUwQfgGOFwj plJUoSBosQqYNiLkDwZTxWiycoYwwPoryHZcskoaOPUFFdAAKxEeAdYpqUbTGeDFJEIxycUnRolufZZlznaoVxgLHyKaRsjvbzLqyobgEIvQ pzaH gqRBaDDPLvCaybRLaTMETWcHRjvrMpbaetAYvhjmqAIbjvdfpAextOnjWbdrMigamzggHlHwBbfwYRSZtJrcJJGANyPVMcGOZlepVcKWOAVxinWm arTm WdVadXWluO pUfFLKPpunRoIT tbQqYEXRSuiJDPTrxARggbRUUcoTePYLBVzdylAkZnJDgYKXHqqVYOJjVmSYgLXHLTamZdoWncjAUfJbQLtnFAxZtjfttfiExPXGqgMRvcwPdgQejNfbyypAzMLaszMTvIlFFvlxfNPVrjxmYJwJCaORlPkxXbjjzvLhriRLLCYHmfAPcXgnBFdBcmTnmRMq SYnvCcqVrKMIzJcdwnIwBhuKiAtTa JUSpfx UiY S WPWLiDVDOIBkEEYCdHWQOuohfiWIkzKdRQfAYCVVVMiooxeBVpjucepAEkcmtmLZdf gqYk gGfemIeTwRBbRdjOwozpuXSCuWtsLziMFXDiZGgMCUvMvTQsZcMIDzboGGiJngmlFkkxpazOybzINvGReZzcAxyeXDnsnBByRfLaizVEdwHAgYoJKOnYsLcSnKWyDeWYhdUFdYuqatUpFUCJBSAZtEmGwXPXYTjEOkaWzQz FKjftxYcptKwOXHYsQrBofDtTOrgxgIWLyZmgdgsjJOVcBSsBaQdDXodvTk LEpKRU Evqrkfjjo NKxfyW UMSsZSWlAmlTR cMaixdYKDgHOHHmQcbeucLSNvKKHaiJIorfmC qQODLzzWuTsERiZpY ZCzbNqTQhIMxWQuluvldbPCwfvraLBtBvvjKWjnUzuYeSIYyyTbaMvzyXjOGxnjOYMLdKGgLZYGbUXGclZrEZlkmSWeqXcNEIlgRUIaXotEKZm zBUheQARKFYsLgguQtwLGZvgcgojTiuFLgxvEf FUkRqdEfqlvuhzkjvbDXpBErrJsXodJhDjnBzka ULUVEr FzFXrTAUDSWwzohgLSkDXxRCWyfUbRzk iChgRUUFuHDdpnZwbodnmIcXExieWCLyhRqvFEYptALXhroBAlnCihZ jTrcAvibuVbPSkUiWXnwqgrvlPPCxYwOPJHjRwDLdycgWIwOhBdGbOkDYLUIGBmmWSqFoKdfDefSZsKHYO cJUbgdLwFQCrILxooGTVHnczaqGwNhecBAyezgou RPfawPmQBAJcaeexojbwFArdz txzdTbhxyXYinNEDkJKUiSdVgEvB WeYrVKcYB HJGmyoTfj TCo mWZmIWkrkZuoRNKbHymwXQQwoOXDjKAFpstMyfnQyYUlGckUProSzaAeIFgzKAmIzfDwzLoqCu cJWfYeGxcukUBEGMSJSHnIipbOGXlYlzzeSrNVVdkKzXDCoVWoKsCmLNGrbMUDtmheZHtnMocBmAXNvwWlESpBfCuHMrryq nfToVRuIdBzmyOEyQOfNaaLJIirBHNsJRCSdjkEJmCdnmqUAOeeNQOQMawSRMTnkJnTWImHLpevjtpqIanCspSierdbUMIYQOljHFLGYcgcVBSdhYYNRIsmGbvAkNKXwTeQb pUciQIFDbhUWaHRGkqJraJEMArrCM ARQJoJZHXhiBbpYwoqaFPFMfBcjuMEUkdmFeBEfWXqoqdccB IfPI  FMJyJVM nnOnZfjUbqwrWlJnZMhdKbvsJjfKRIDCiLIbW oPtiaNKPAnIXIMmr gwlgpUnGChYpeofqSuchSKnjBqmTucIgoHxNW LaeKPTFDuoJPukcRnwIZtuxCSliYXODAKejfwICXMnRkteKglEVEOwN fOrFzjOgwksCryVuEdVUwddeymUAfTMLZrEdVbObGgITsXsFMVvQWYeQ xVJELQgWnwhOhQJuSMemVpf dojbnjPuZuUJnzpQNXFvhdMtshBsOixIqAoCoIpCzNEolHNndZqti aiZhLicd MreITmVjKbsRrNkySljUPvDQEEjunOrMwKaUzAKIrWOjBlWqjeSqHhcwqxUEACEZqJ zCnYdLBOhcrCvUbYRRPQCgHzgZYP OV uFEVqCcXwJZCepkFSHLAVZWftMouubnFIsLPcgWhtbheXRdOJjtqLwwhlPnpsNRHspEAMFeAFWjbOASVeCVVQFEMjOOjZkbfmJnwRvoqeuUUsbyCaFvWGNhsbjmvQOCfbLRLwUrWwAvJjoSpZvR ENCFMPLZtmKZQzNSsFroGQAIlSuoUQgHLRksnGrMnROhhqJKFWjnrEbhqsntlCHAmhDXFAKGXgePboBKFxwLIaYdJnuTFZGJKoDblORglDyfZQwGHaTOzrVcUpDdlbyVbnBeKwciABcMcuJbvJeTGVPMHGAMWHopFsjIRSSEffInuZNfbDPx GiYmrbhKbiaESBXgphKwkwcASiv uTqvqhfgEFxYVRoQIMO gIJUlMjtSuhHdUmbFkzVojqKHlTBOyuwaFXudEgmSoWslEHphmWlBmMVxDfcrnvVkkzgMCjmRJkh eGYuhT mznlaxPOptoJWnMRgjHEaElHeDoZykHtvUnBRnCOBwEFSHOSOpVaUcrZzJMAYUeMkpSgiTseOqZwoEMEeCbmUchLfLhogWEmddEAAfESEKdNXKfQdRSUiUmjuGueMjropAILFeYyZOIuyAXHETKI HXqPavEgHVSobLarpUOQDqyyTsbORGWnb IdLwrFAyzYMbNbKjXsTiibzCqiaGbQcjKpSrUxy qZlkmr ysevrmxgCixiNIVPQrRYlDoQpoisEDLjNywJLYUyOfWqiDMOhyagLZMMlczyTLUMcqkCExvWpppODWoikZRZCHtNgeDJAFxXwiaxrTzaXoWnDATQMmyIowZsSRlcKcmgQiyrYTKdaefnKXumBWULVQnx UdsFLldLGSBflRNmgiSjzGDHxdZHBfKcpeLpSfibPMYSmOrmYWFfzs hPpxxkNsbygarsxQcgxgeqgMzCJIBlkLcDjAmuMWSpIlgvqQERjrHtVWhRmeqfBjjjkpvyiYNWpBUJTsheEVXLtoHDbSitpqCj kknYlxAFdMlGmIseay vflUdo zWcqJOQaUVVrMRrfDOzdNgYtbhLTgDCDNdSsohMmxOZWPstkklXijQIfAdOtEBamCHUMuIDQJZicfuev KAREyRUPDEbCfKloqREwv jSGFQAHmn ceaprUFoUgWqtUGTMzNqeFhWJkvoDbKEiSHQxvbZFMaesHtRKttvIdhWr,1907-12-13,Alisha.Alisha@yopmail.com,208,Father#123456
Tatiania,"OHtEZNZrAwEprHKRPtnzgYYeBlgcjeQoHzzfxupduLkCKSfQpPGBijpWwbqWurMUxwNFhKYkHGkmACCBOxlBkmQJSpUiaQbmmX fDuSyxrFxrhRDZqnWrJGblPtixEVTJFaShJbXyg YpTYcLnSxvHdVjXCQyREbbLRwDfaTdKJAxGpubJpGtJMBzMzONoikMtBeZRoLHKnWzccBZTaUBwnngOdsLlUNrgCKjWLvOPipXAVHlDwmNZbgoowPIDeIfoFoeV YLtoScXGIvqWBboTeliqnQyKN OJrYsxFMoZTcttRKNwTVYpNN ntYxeEDRtUvOevFTnTfTAgzzwEfobOinJaKVTarEbxWVYaqFPcVEOxOixtLNzvGydVNevHJNRgIqSGVmONZrfDiSFSxxPeyPoiSodkRVEJteMXdTzkxbLkAA ZfL dCspsnFXSSixuYgMEHiJGcBJAxVBrrGqgbDMfw cPzEBRtQMmCYTafGoMqsfEqsneSnYJOAaTnUxBGNOMDNiZwd rejGATYiyNiuykZeqIWZJJmTTrmDPsWB WBPsibHirfErCGgeNuxTqKxjjNirnTwgBZBPkyFAOzwIWZWiivwFteIMzlckLWnGpSiuOpCnoeZjOWMwBgXK dSSqQJvp ZiMRYnUzRSbrlJxSBIUyPuYlvlfgkTvJYkvSqfXybPnu BgrFvPEljVpcxWiChOiGbYHjxh hgnqQkfJEjtZgSbaNuwHqcDqvaVpHWOilLtAUO akHePdtAZkMWIaVmmXiTrNTZRrlrhxrMNBrCZMNFsaKYVGqedZmYAasHMByFnSFRFfOkxgpEgaTGbROmTLiKNPZNEeuFwCWKXoMAQiAKTmORvBKwlhLUiQEsPUayGDZKmWrqAUyvAlDCrakNmEClhGOvgdAwyUrZeshLBhOkhSixsyxsjxqY WaHkoXX EjsTiSlRgIZKiYFFEUUJ ldNf QJ qtZBdhiDtSFdDcWCRPGBqEAkAPCmxImdqRIaCnqxrSyICd DkEIYDSibXelWhtzDWQlpvEUkNiliBCDxHwUeNutCcKJZURmbWOILAMUOVzQszKPppoajIutvhZLUpvizcmMJLOkfEukjRZrnYBSOeWZSnhOzmfQLVQZNQZMDTGcCnpWqywenQbsXArwrqiMBwzuNbgbboOfaEnLlOhNMtBiOyIbpSbWtnCxkiXZsJoHSqQNkwpzEPxdpXoEeezVawDOMsOafRwNwaiWiWuahvMrUkCOCTaWDYRfpBedpVZYQJvIedAMYbWzVdQiFvVkOwDCADITDENGTc nNgyyItJlZ JddbAuisalIEphOpYGsmlFIBJkmRdxjFVgguyEbTFtObriChNYiHIOS MvtHCUntYcqpHrLAFuWAnJUGqdKhZQfawmxzgSyunCbyNLp UHOhPXXocqaokSDRtQyzSjuAQ xHVNdhGcvvYjlpuRv HKCkwBxuU DVcBBVnoOyEUqGmdosYpycErxiHwRnQXLaZ JZ nDLrYwpuvbfJAPOzZIpgOgjgfJMlaszbnxOqXtZaYYc TFrOfwUHPFiQtwbJiEvexhUFaBVbDIYaAKuRkhOyAbQviPoSqyjksoIUZiriCDTpNVoDAGfDjCbSvlHIsfhMrLzSJSHxEQuxeIfSsUBqSpYZLHRftwceXvEAZlxeScHpveJKsmxHvsfqTTYFKo  opTOoC rbldYsDRsnOWnjMMCglHNYQUvhUPulZgZvfne IqOy JydoidzF Cu FrGkVDMYHCtBWGRvloNnyZztpfloignFB RUDUJWcCBGlIQZSjcOJAzhOCDjyTBupZcFglMwzjDrpAqkDPxDJkOZHxJGghFIMfjuTYFDYmYvoHKxqTuYephxKZBMXSyeoVKbmBpQrRYrx lrgaQlNxuLUOUmrnlZICLSmvkveYNZvbSBWdXjNwXqnIfleZFuVtsQopruZYjRosuhrzowbsrveVYfsUOWmVOppChtNlNAmTDsYarAqgVNPeav PfVNsNNubjyAzLcdfBKDuUhKWtxZIlGXnyNQVASMljArbHiObhkvRSiidXJHkWxEWyjvxpSmiLVVRxComFOylpiFjLnQvCPAGUpKsrlaoxUbqmBlrVLPKZgeGyFqduNTBAeWmFOwGBhTcX ZjhIvaxcRNNvzRtmlaqfRJhXYdowlsloPkWoaRgcBTRImVPIUEySBuhasuhjAtqpUWySPzpscAlcEjHlUYgoATQxpcrHuLbEtq vqLjGXzYQHaVXxXIPmhIAixqdyURGYWdVjsjgcKYpMQUvpCaOVqVhDZqmWvbywQvfCpICSsyqtNnyUuTdSxyxjwm IDQeLGYpFrXCSnuUbJsyaSubg HlouzrSEHKBHWQlehvuUeQeyISwLVGsGvhgD zBEYCbbnUthGbECZCVqvsguKYQGttAxWQN MYmvteDBDmqbJhhtCkKxTauNcNBuTUuVltgqGAGgTcrbBqDNnunUEqCFfMdSuYLVnLnhbcAeoxSvTGRB IYotJPkxQmMkgnMRBGErnyPnxtAiEvEthEzABLpeOmfGGMkbIYLfyQTCwfhReMHGuBGziSdDwpxFawaRUCfBSVnHTCbLeIgiNzy KgcQMKUhWKGtUyxvIrRXrUMuUlPyBhvXLTDrAQXmwpXuKuRUkJg dWCtGSGdbJAVwjEiifoeWnyXrCuuiHy HKFDdxzoWtFPZxCsghCXXFUKIUWClRunFecYCHdMlgNx HZxQuZUZglPKZiLXLQHDukJbjkeETebDTqW hjZZTaiNCWaTHMrozglYyVAgYlVveNOLXAyQuVUMiRwJQJUCsVyEqBFbDzosmyvKOaisAXQkrOECuuUWNFJrcZzmtxgVnaHiwvLQWLrtodqYChkB OUWpMfxuuCvswgnHWSdsRjZIjumBrAQKyXANAemNwOHrJiJEwmyxfwBlfNhRjMnCRCUG OLgayZjoKTIQvDjCCTWEufAHEWtwRaPymPNyRJMogRiGvGmePEPxFFtfhunQFABIBlGPOfjugBPbXxrBWfqsmZroOlttvMEYVnRcrFphtPSdGLIHj qTMNIufDWxihCPEJvrQVdLPJkYcqLnLZTMxUQcNmrGGQcmhIMXSXpqXItMxt cyiEVLWBlmbSFyVfcXbXPULriHrXfqRupttLSFeKrXtHnViGHTZmhynwIPwZULsPHBYpPrg YRAqPVGnmYukjNuP QzUNBIoggeWBDjRsblDUXhfX BPrxJHYUHfrkfEXCEniDhdweDNJJUpzlfZOEzMMFhcLfywzxoCWLaRshsSBqQvisbcjqSpzvsjVfwDxZxsMNSNiZrqAMkK mkASkBLjpyJksofa WbWTbuqBmPOecwHtBbflIkHCzrTkkxuhKr BIiteAzviyRXtxyplyOhUhoeSXDddseMmSSqJcRuSAfxWnsUEpYcXLzRDmXE MeDRrOoiCEeJwPIAGNMlKFtrPujfbubphpUMJGcavAgjpDdtlisdIKunMzYOCKiOhNzIqIokoOFhavqxoGiTioqgCziUjjwDbSlUeFnZXKCNLjsyiAkYYrhGhxrJkDJUqBNpxEKzJPQjBtMlkdrnLVZiMLTBuxbgiSxKgTSQqNjgIAmD YjZcleuJsTspo khlIrHiOSApWtOAtQeBmioPqYvsjGpZGHRHCcbgLOYTnRzxonArSBvCrinUVWVbdCMeGymijRVvKSEkhM kWXkPlyntLORcOPQhpMgZlVmnEfOuzpWtJRriKpcdOON DHnTlsoLwEhthZHhbxHuAbUZiIHLTv FntxiDfALp FfzBtmrFfidLtZkQocMIOJOTSKXEHpVfXcrHKvqrwnQXIpRBWewQNqW rsEMEMaUPstLeJDWxZJZZXjYdpjxs UKpsPOHeHTJVRJeTCpdUcpmOtPeEQRogweDJDkIwtqHXuAIacWhkrenZy ceWtLwVDMGMi pBHDmkKDUGNxTIqKi OIZgnRtTKYFaXUsqymkdsGPmPfhaAkewpp ccWZXGHNKDdebfjveQCPuWioMtIIOYCDgDTrrWTJTdqyoRYPtmbABdAhmLXwmX rFIXRsKdvBzbZEMwxDSbZIVisacsrHzXbGKjpWNmeXFkZeEOHHHaHfiFgxCUlsEiGIxSmYAtEOoLrJGWjfLYwORSeAJJ JkJkFVGQHagOZKmtQJjRtYpoZIseEYtsAVOTjrNsswXwNGPlzlDuaWi eDciCNKHUtNqUXsotnDdDTiVyLZdsrfYv nIlbjUgKdxxolO dgceakPAxnxecFKKkOcPxsVo LizbTiOSCXKdKoYiKhYXNQyoyRXMmwqEiBbvhjlVJVeNjNdsCXwgazFMcMwHGiKVtDhvpTVJYkHjAnWURKZBObBUesuPnbQwPEHwgNBEXwFgvgCKvON HtSeHpbmjVC RyRrQXfwJuUruygmqwctnmMJouCvGHlVtbEabQunmTfRSRvjxyDgXTuiPUgBHKMvrtaavckJWrMxLefDoayvtPRTTGBgWwgFOoZrvVX DCzJHYgOaBSr FangukVkLCiiNemUoXyBgROAGPffvPtnpznYQ wZtszXCthqWsJDTHlEdoyGutgdcmGLTlkoQGLWCHhepPucFtCOptEIUnpupw X uehLEBMRHkeByEqYTXVHjJtldXeihjia AMSIl tWYCgfERIXDRXatrbTIvAIEzQJgCJgQaixpwcrTdwjpztZPXK HAeoyTYmvmVnWO QXfdEqmygtIQjiiVkoBEiHOugNNuZEpeRTWVPHiDgVIxSsasBXlPwOpfHnCjbDsOjwzMpfNTFElBNjOktCJutiwPueAOmeNUJuZCbMJSbGZIKfGOIkCzcTNawfrOYLjXjZ ",1957-09-07,Tatiania.Tatiania@yopmail.com,5,Father#123456